order_key,sku_id,amount
0049e38b3ee32d2dad52405e217c6dd2,04444811d5ed0d4bd4ca154acdbc1bd2,1
0135332ec99e07682c230560e30686b1,71424ef8b9a8e7b11e01c66b5ef48455,2
01c44a4b6e3c71abda890e047c1defd2,ac55c18b3dde65bad240df1e2c462240,1
01e909490f5cb48d919db5823502c974,993df933988af0b1da7f04e0df7cd22f,1
022421bae1e146fd3cc2ea19325a9522,e28cb87afb386a37aecc83497925d05b,1
025fcb40ba207fe42351201196bd691f,1516b5df42666f36dd08e12a25623c1c,1
02e318f4843ead8a978b5da6d46b8c62,962603771c298557f87c5995fc0e551a,1
037c41d1674ff85f03d5b69236058e5c,a0bcf130e31a8375a477a19abd967ac3,1
039f70b8f45fec99c06c21f8c3301776,dffe614a30fbbef92124073d74f26350,1
040f5a72098445fd834d90da56aa71aa,b40c57049a2c28428a484197be497551,1
044221166d2e33f0c81d063e2fde3453,160f278f7bfde61292760d9cad458045,1
053cf426e82e1050a6f3613001cb940b,49b1f29a43f408dcee844697bf1c7e72,1
057dc82680f834237dd21784c2befdc9,06076bee03b035cb460ca9cb680d76f7,1
05d5a3f30529650cdff5b661be3472c8,95da5be3c0c37a1bf50e3a329b9e9fba,1
05effeac322fb0255e1a9496218aa168,eb0503ac41732963e419f0bafcb8c02a,1
072a51212faadfc6b9172cfe41dc9bc7,23dd49cc796d4c96802fbfade6b41296,1
097917e584151c0c21f205b2c3aafa10,eb0e661f3ed57ef7ca16418bf50e363e,1
098a3239b1bf7a6daeb59cc87676de25,085b095a87c0d75bdac8171ea9c53af4,1
09dbeef07d660cc7b7aa5c85d80b7cad,f67952d3c114cd1c96f99cff5f1ab74b,3
0a1b53067a1a4930c8522bf8d9e6ef0a,8821e6a8e830371043769099f4939439,1
0a75d6d90803820ff65716eca94c7ded,ff7b54d0d4c4698053ab249ca51e8b55,1
0ae00e6344859a16552c44b9186209dc,49ce402920ff5e23f7241699fc12e929,1
0b4469ae394fa25a66c20bd43629fed2,936427a2367e9cebd2d1c914c9cc8ccd,1
0b99bf226fd195f798b0b819318f75fe,fb5d73d256a61d803237d0c9219ca145,1
0c53d230e685c172dbcdd0b7f839aacd,3bb713e647d7f36c74ca9268d045a655,2
0c8f6d316c60edb46bcf9a38c0fef5ab,1bc8b3eeddcb9243206a59a1a842f8bf,1
0c90af6480699111c1b602fa27fa7c8e,b7cdb855544614c1cf4e8c2cfd11eb6a,1
0d12be57a8652ad7bd20496bbd00dc6b,06076bee03b035cb460ca9cb680d76f7,1
0d5f23e725ac3ef7d102392ed4098232,baa468106ea57afc41af425579267c05,1
0db71f05a14ef0c4e76d52a7ec9fea36,280d5543384a49286aed63ce53355bf6,1
0db71f05a14ef0c4e76d52a7ec9fea36,617920eff674a93aae10ef916fcc718c,1
0db71f05a14ef0c4e76d52a7ec9fea36,93c0c4cb48ad17e46331714d70857670,1
0df4a06d2b28935507fee2fc075e1d7f,4697fa12e142b48580f7988d2da027b3,1
0e555bc13ac5a578239d439e05bd0385,899c3869aaaeb91d84fdd0fe135dc1c5,1
0ee4748ac55ff07434d5f8869c05d2c5,1877b69920175e2259bcc6d66e758d81,1
0f489755c658e890bfd405327298525d,d0c68322e37b29e48acd9b0da80b1ac4,1
0fd877b198d60c767318a06f0b447657,c05fdcf4add061ad54582d67a83c5848,1
10f097d5a54092816892679b3363b2fa,358bed7b36131242f12062a7a058aa58,1
11b521397e9d53462485ff204b1dfd0b,4e4ab41f388503be11ca6e593e301250,1
11d770fa4bdd491c1fddf7e2ee21b333,7ebe0f19553cb3f9945733727faa942d,2
11d770fa4bdd491c1fddf7e2ee21b333,c1611f3564c9bd0880916f017c5bc391,1
123c24faec23ac5bed2ce7b4e436fb58,4e5bcad452ec257641be528591fb6968,1
1265a706788d3836d1e625a4e2745413,99defeddef6ba6dffca28997500bb7ae,1
12a08dd5869a1abc64d825c165afc9c2,7f09eeeb1982a7ceb04c78c01789eac2,1
12ad824771267cafbad0079f6e8c9da1,7436d58bee70eaf9ac28d3aa2c084e2a,1
12b8f0de4b6ff8044eb813d55fff0df2,23940b4f06cf9ef86a266112007b69a9,1
12b8f0de4b6ff8044eb813d55fff0df2,4b009188068db4972d265d7a244bff9b,1
12b8f0de4b6ff8044eb813d55fff0df2,aaa2e7cb341238bd6e9ba578f6d0c76c,1
136c28249a6a54bae9bf7f9320af3f14,10eb40452dc3d488905df582ffa6438e,1
147f557702648fb89954bd838194dc54,e33dbd28fa223390028e48994dd0df2d,1
14ebf330c2b6f2b961c44d8aef684787,e9628e7c4ac7b3ac8d4e7d568a8afd59,1
151a99e432199205b63a19025517ee9a,2fb397530b479719a13ee39b5c4d24bf,1
1564dfac15274d252bad44191068e3d7,2589e8a95101fd50afc95b548d8d5bf5,1
15b94550aaa27da64f40803819221e02,dde527bd9651b7c4a31668ca5975345c,1
163322602619a75bece87adcb8b64e3a,2088f788bbcfb7c9e50392ce6116e518,1
1667bef7e5ebf6239c3d7a021688899c,a7035249eff6bd4f0c5f57ed48909094,1
1681e76bb9e3978d38e556b1b04dc817,092c83b2779af3261545f32c3193b15c,1
1681e76bb9e3978d38e556b1b04dc817,4ccfeddb573b13de09faf544d9fa1c73,1
1681e76bb9e3978d38e556b1b04dc817,55516c20e14bc6ba036769a975891409,1
1681e76bb9e3978d38e556b1b04dc817,8e732b7e46f4c04696b9af9c90f3b6c8,1
174e2331b625eb3cbf5add499b0ccab3,9c225ab64361601a9aeab654f063535e,1
174e2331b625eb3cbf5add499b0ccab3,e36bb087642c5e57589c75350df3b0c5,1
175cb5e95cf8426d5f38e8c5a8486c5b,fe8605c8fb4e7b04aba091d73c57e248,1
188e31a1cf57df4556c4cc687d574f1b,95db5cb8760c4453ce95a208b1b3c4ff,1
18900468a887b220afef67b226e755d9,4c9e80afa34dd8333017d8fd53a36db0,1
18c025d1ffac21135613557be3bd3ce8,82ab6488a14382dcdde70bf1e67f45fe,1
18c75c575807e0d419a878efe63bd269,e7997aa44d6607e3a72ac928669b659b,1
18d0771630f71a099abb09d93e6b325e,8c69859f79406fcde2129972073ec873,1
1913aa8f0023c18ba8724a234bbc987f,03792096ffa3e48a6124162e1a2d8275,1
191f42544fd428e2c6205767fb5da604,7ae72f7bc4e77017d16caf405723f3b4,1
19cf77a4c4b2ee1a879a6526db8fcecc,ff7b54d0d4c4698053ab249ca51e8b55,1
1a89a8df4c4e98dd406de870fb5092d3,c8eda04313b832a04641431e851e5519,1
1b792ef88599fd8be4b69513effaa6c0,79ffa4ebd3d7b586078298797a6dc2d3,1
1b8186194b1062dd26c85622a620944d,45452916734755bfe6feca419a576d38,1
1c5bf683fef49709c8772c0a7b298c36,0df71adfa720cfa55fe0c3b04a82db8d,1
1c93d139005aa107c11574b61e2fb67d,af5fcdfe425a3681c4cac618430b11b6,1
1c9f5b0678cc54aedf88bd77e7c9368e,11c036530105755dc4d867c551435ac1,1
1d11d793924acefde0b7f2ad149e1b45,0588e43ea7ad1ef603059269db6467eb,1
1d37494d3db57de3d56692d08303319d,0f835faeb16326e6d4c3854cc02ff9a4,1
1d37494d3db57de3d56692d08303319d,12cab3edd576bd68f4a8eeee31f3c59f,1
1d37494d3db57de3d56692d08303319d,3f834ca9f6a26b5732e2d352733eff9a,1
1d37494d3db57de3d56692d08303319d,44a040d11bd7a0e4c39f6e2049eb91cb,1
1d37494d3db57de3d56692d08303319d,5460bd6817da1628c84fa2625be049ba,1
1d37494d3db57de3d56692d08303319d,77c9a91b79d18431930d3526d8a94cbe,1
1da22e6c5df15ec4fc9a2c291a4392c0,06076bee03b035cb460ca9cb680d76f7,1
1dda048fb36babafad333490cd217d40,ec261b54b8fa1f6c216819c661dbf544,1
1dfced2c398e2add4c8ade7bb3c327dc,adb02a4f1c9cb5deca1cf888a07eed08,1
1e4bb5423ea0d6a0cea44540be7cdf4a,b41f2a552ed74514bc3066f03d499a95,1
1e54ee18457541199b1ef455160eaf25,434b7fcf6f9e99f783506a1d8acc951e,1
1f84a5c882d9f7141ffa8b1a181cc47e,4976d8d2c5af2224090a1fb29a8b35a2,1
1fe2bc58f15b3a39f34bafaf36777f2e,1310e25c31a82a8361f063727fbba467,1
2013c91e631d22d397a576acf40c403d,91db5ed50370eb9f1a66548135b32d3d,1
20168d775699d7b78b8a133a6b1c757d,0eaf2e9afe441c57b90210735ecae73b,2
20168d775699d7b78b8a133a6b1c757d,61b10a4e014e6ab3d1e7f2f631032c01,3
20604560d403df5b6753cb5859fbf775,0f2b248dbd2df2d8f1361a0c1190e84a,1
20604560d403df5b6753cb5859fbf775,9df9e07dbe2c07f8742b6fb6755e372d,1
20b6bb43a07ab28f5ea2f35308f453f3,902c200253d19ce441b1713c1dac063c,1
213af7f81bd51882398c3b9d2a571c6a,0eabf1bdc973f7721769ded3747e6ce8,1
2184d882c85c15d7ff6ad395bb64f691,f48d9dc873d89e64bdeae1d31f495290,1
21bd102ecc47d5af4a9bb1d9f2ec57f4,57f489c5e9f76b8f1b2eca89bc0cf721,1
221eb3d985b9cb77440b8d7d07f8fb00,82b04a2ddb9989efd8536a97550f67f7,1
237fc0b44786dc3ba11accdd77ad38d0,baf575535fe7bad0e14035557cc171e2,1
23cab97cd23446f3d89d1dbcb3d9fa5f,93d5a4140ef66668c42fd5bb83ad136e,1
2446c3c2521cc27561c8a17404631d85,4a6de22c7f6c04042da1ee5666982a44,1
2475a47237c0fb0b0147a56b81ffc1a8,8cbdc0743b20df23b5123094663ab44d,1
24c8b4043349c4a2953d810eaa47a291,428a4ad5bd6176be7914186cdbdffcb5,1
25ab709e4f9858299a94516155fd8fdf,4976d8d2c5af2224090a1fb29a8b35a2,1
25ada3fea95cadbcba7b8e6e90ee8ccd,22ebe748e358c7edde42bad4a7ce430a,1
25d611e66daf46a543789ec7b606c40f,d5291922d9d516141e386203e1e7dfc1,1
269c876387523d82d2891f30f6a723ee,808a72bd3358f4a37ae4ef731b82bfd3,1
269c876387523d82d2891f30f6a723ee,bdc4e172bb07c176ea58fd58919ebfc3,1
269c876387523d82d2891f30f6a723ee,c123d92f6eb0c9e8a7e235f9cdce30ac,1
269c876387523d82d2891f30f6a723ee,da865cb76c80251c904a67c94277a748,1
269c876387523d82d2891f30f6a723ee,fa47b52cdcea9448f2e218bcbe7eee3e,1
2720e7d0b95df11f3e8c1ba2889dd1a5,75c21cfa77763ccb8574127dce91078b,1
272d2ebd05aca649033f717917139428,e4d0de08082d04532e83dd0697ea727f,1
277fea8a882ec04cd714b37de10cdbe2,fb39741c40b52f267ad727beeb1786e0,1
2793b5087a99101418bdfb456a6c63ed,296c6e9d77d70e858a4c1161ee0d3261,1
279553cdc4ea719513769ce231480235,9396fd15c7ccbbbe128340c305e2fb9b,1
2902bcb04a141000e528c154473c0f6f,bcf061c292e1f966a850601c44d45f18,1
297a9985b9191bb7d16eb4ed7d2e41d3,ee23e89560c99b5f58323ec158435333,1
299a7c9a0bc0e3a266107f196bbde5ca,0aada1627995046f03cead278e709e10,1
2a78ffdcd157d2b4f07f3f40e78fe16e,c6d321c69c7306f28502cd2051c6b66f,6
2ac90cdbcbef583f24ae3c1ce92d4c00,0aa5dc74c80ccb76d6a30aed503ecbe1,1
2b65400df9147af21144437669c66f88,9ffb93ac4a1dd6e35901cb43398cc5a8,1
2b66c3063426f4a409d74ba2a558aba5,3707d296be5db5cca4ab9c7e108b684e,1
2b90297bc1983074c1512d82584f7ed5,13982b8dfc49af077300646d042ee104,1
2b90297bc1983074c1512d82584f7ed5,2163e56b2d00d3261742b1bec2c47ac2,1
2b90297bc1983074c1512d82584f7ed5,b6838bde6e3e3b73c1dc3d00f143cc7b,1
2c24e8798e1b6320c44005292d0fdd7f,0cbadbac0febd1b7dab6a593c7a3cfe4,1
2ca078acf6ead6f24df8bfd7738b601f,00f5a03e34b6ed0b00d246e94379ecc9,1
2caaca57b31e264316e429173b125c38,f7402a494b801356321bd39068d21092,1
2d52f4e19d8876f31ea783af19f4a6e7,db715c539afd3f0450d2d587e2b75152,1
2d52f4e19d8876f31ea783af19f4a6e7,e17ec3e791a0d875e6da7698967b6fb2,1
2d79a27ebbe45005434a2c858181fdfc,306bbe86c3aedd3bd0297b1cc886555c,1
2dd1e208c460ab09add253d668d48449,cbe3578562fb34c0ed20c8cec5f5d585,1
2df9edb7ffb56270741e56c8478ecf37,8e8de9bec0e55802dea4654bc911221e,1
2e05aadab146f92d35ea1179136a094b,fabb2fa8d4ace2d3fc7c48b900c04169,1
2e2d39fc02ba1b630045a8a0ce3e6420,2aab18dcbfc2db331021d2ef4d1656b8,1
2e2d39fc02ba1b630045a8a0ce3e6420,acff15ff99d27d86ce4ff6a4c9bc7903,1
2e420dd58ff30d5d694c0950e26673aa,8857575d066fd191a1835f0cd39e9b0f,1
2e76f2d6fd8e6cf8aeca6915d4dba81b,c7af141d2ff935856fb56e0fb6d5e74b,1
2f145d94cff35bf06b07b544110a45a0,596bd50b0a54ac39812c878c42e87bd8,1
2f5d48c88ac52133ce6a527903342099,4be454dc3601d29c201898f2c92bddc2,1
2f695e5283a776e48e08b8d1c49d3566,9d5c98530cc7e806d1bf0c508036f8e1,1
2fc8c9857cf51ddfbbe61e83b65b65e1,7cbb2467de0d97b374fe57bb72f0b973,1
2fff105d76cf4f72baa921972970f06b,c429a2c94db35ec85eab408fa19d2883,1
3035be91d56e785d9ee17f4212c23b77,3daea7193c15566381cb832f2ab7e461,1
3035be91d56e785d9ee17f4212c23b77,b43201ae4563855d744347d5414d8158,1
305e7e81591eac42f936718338e249a7,958decda1ca5d104080ebfa716727621,1
305e7e81591eac42f936718338e249a7,b57fe832a6266146997fb03558b5c129,1
30813addb149b6cac08efc440d47d868,92234bcac3cb797886a25a8973420e15,2
32b89fcd4eb4776a75c26585b4c67439,cfaca9e7f2bfa618af10f812a3dfef3e,1
32fc48587e26a925f1eab7df3503cde3,1f9f9b4016be683c429918b6a4b69396,2
3344713e11ca494b34727c98439da8b3,b4c71d5ab9012fb302483664fafcb7a4,1
33cb26639231b0ac149304ac64cec072,06076bee03b035cb460ca9cb680d76f7,1
343cb21b8bc43113d40952123cc0f79a,9e9825871d75dcf8f6ddff9bc2387fcf,1
34ab6154b0d63d7085e6caca59da4d0a,9eaeaa9ca968ee88ce8834d330626a9c,2
34ad698b96b75ab4140ee1858a3b678a,6c9b938ed08d0acb1c35003af1ce14a6,1
34fc68f89f15682f18318953cba3de37,b3048ce961a92dd8c47ff6ead7edd01c,1
35015b9aac9802c4d4bdb2c2d2b677ba,d73c4da68fc09f4706dc0c3f6e29b439,1
3535af37f87c8b63c7f0dfaca3870753,807ef8163cb4ca3fe8b2e1602c95de6c,1
3540b6690aa70c566205fca1f625208d,2df2b7fb1a48f350e0f4e58468e9150d,1
3598881d4917b9dbbb0c65047388e0e1,c53d00444482203eba722037b4d900f3,1
35ca13aa6556b7d980b92b59eaedd673,4128e7daa8fbe08603251c658aa19c02,2
36269ae7ac688cf4458a85cd67fd1705,cc0cb32c36992b56a800001cfc1804f4,1
36459282d8dc35d9e55dd2c21f2abb93,e933750ae36bf154545d9d192ee12f12,1
36573bb04767c480c4490e14ebac2aa3,bd96ee8a131321f5c6d99aba4d778eed,1
366d0fba6d7d0d6268bffbd047ef49dc,024d2d9d2a90ab3d70bfd2a33291b9fa,1
369c28f8fcc1d8cdfc2349943293cabc,ee23e89560c99b5f58323ec158435333,1
36c08c84db8a36ce66e3893be0efcd81,6accb65dc4ee04b8fc99a753dee12fe4,1
36e1f794dff52ba44f73159e0bd9c1ec,f452e61887368e879038c713f3a84dcf,1
379e706e1d1d97a69c029b213e4496a8,ff9d467be4a414b0b5f5615c389cf6eb,2
38065cb5922e73b63e030e56a05959b6,b1a19231b87adc0073985a2169e6c8e5,1
3808cec353a3c644c0c85416ea431713,06076bee03b035cb460ca9cb680d76f7,1
3818d1dda3597431dc5cac198438068e,17ae76d8cfcbdc695f7b166759dfeeca,1
38dd63a56aad75cd823d174e8e931a76,8d7665039eaa29eeadd6ffb670fb754e,1
38dd63a56aad75cd823d174e8e931a76,e0a23f1dbc43f9bc3e3414b7dbee7d86,1
39956d62474cd50c5b397c87d15845d5,402936dfce9947b114237c22e7fdf9f1,1
3a4a41954e37aa7ac5000f3969687a2a,5f52ef9044013c069f58bb4d6e8d7e84,1
3b12bd6077c786b4d1b9128f7596662e,fe876423e2b1c4ad58da07e69b83473b,1
3b4623c76ee7a2d53cf1c7bfbeef7226,01bfc11a3b06243b5dd84ae7dcdfa8a0,1
3b53175cdd48a8745bfad08212705a90,125d648f654a9f5e50ac8120bfaaf089,1
3bc4f3d1beac9e1a2edf55cba2f142b9,3dfdf53b7e1333e99fb0eb3486f794e0,1
3bf8b2459a42cc32422b574cf3142763,87c908151f1a5d31632a2d4f694beb6d,1
3c0a4c12b5d4d3223dfaf194f546adba,b9e4929f0949436c5e4bca49001f5f0e,1
3c7aa3d415b184f0d9a5e0286b71cad2,4d89fc7a79c5c838805bef3debcba5ed,1
3c9a6c61db1e7bcdf3670689b7b7fbe5,ee416af0af585c7956fc60e310349f7c,2
3cccc9a465e5f54f02544bd745372422,2215b0be0e5cbe9d57d6199e3d60dbcd,1
3d29f254b6e5e798d46b56ca17c57a0a,7db10154ac632e6c39b57980422a9490,1
3d9332173ce4f06a36d53dffd48d7ea0,ecce0127299e448e97508505984f8fc7,1
3d99b3e1547486cb38404d71b9a94a3d,eb0e661f3ed57ef7ca16418bf50e363e,1
3e51ffac11917b696b15d58ef515a717,26838db6285a54c235ca01768b0cfe32,1
3e646181f6f708edd3326c1626c12d23,ef468fa349bb8f058aa5dcd76bda60b2,1
3e940a25e662bb9a0294a22e551466fd,6df362d19ed1b2475731a1f61a1002e7,1
3ec71f73495250345ed5f58446139b75,5914010b18e7028debf1d147742ac449,1
3f75cdc1c0eb00c1ee81a8c4541fca67,b967fbd19ab61b7389841c31961b2489,1
3fe0fd3d55215eadeebea01c659ce6c2,42914c2bd54859ebcfc81cd62db069c5,1
3ff4b3ebb0c252ac6f5c0996189fa124,8001d1821ab3d78cf41b8b2b157b18d8,1
408ef9fc3b1b6a10ef51c700aeed5dbe,d552250235c1d48e415100db6dcea87d,1
40a7daaa1a0cc21739801b84c9b10585,2ebf065909928f65cba8b6bffec4781c,1
40b3f594d0187705334754bbd782e829,ede49b3150855c2f15204c97d11d7393,1
40c33668fe8dba60a8bb0a982d0a993b,2d6970d51f338bf0cc0a80534baa8ef2,2
40ca87450d1b1a59732f084db824e818,06656af258b524e9cd126824a1f02d9b,1
40f61eb37ea10e95b532ec5f52e2a06f,788d7690f71c5de1bf0bec1bf91c93eb,1
423423e23449f0c9a4cc10550075e41f,398550b451b57de845d9068e9f6bc696,1
425458c5ef8d3ea350950a296ca0529c,585dec735db2f914712dca7ef7a2acd9,1
42e0fb8c595e638037f0edcae4b2c9e7,7f0006e6e1ef832fd73a3aed1bba38f0,1
42fa8ba40c88bdfbead0ee8b6df98eb5,bbd4645a5c864c9085f839437782d0bd,1
433478d501ef5a8d94622559353c417a,9ffb93ac4a1dd6e35901cb43398cc5a8,1
433d5be590453ef910b4ca39ec9b2c72,2589e8a95101fd50afc95b548d8d5bf5,1
43e2ed35777fc257d9f4f1d9cbd3194c,f353bbd08b6c9d9654cd3bfa93336786,1
43f53e4ae28f20951303c60b2beb9f45,0556e15f5dcf4a7851f551170502ecdd,1
440000588365f08e51ce8f8965956c31,933d008da5a6f528d5831244e7f91c62,1
440000588365f08e51ce8f8965956c31,f93e1aabc252fcbaa2e5b0343dcac277,1
44861eb6f8aed71a08eefbd79d6cd0dd,87c0e2a7f2006834f4a81210f6f733fb,1
44861eb6f8aed71a08eefbd79d6cd0dd,bc7b6d3bd2fa064f7ac1cd42a367d1d3,1
44861eb6f8aed71a08eefbd79d6cd0dd,f330dac78734c8552e9e4f0ca6686da1,1
44861eb6f8aed71a08eefbd79d6cd0dd,fd2791e7c0765d3b1cd20b8f195745fb,1
44b936324494a64eaf9825b63372bf65,06347249ff27e8d8250fe57b9749480a,1
44b936324494a64eaf9825b63372bf65,186806ecc7658f72a28e2572335143e5,1
44b936324494a64eaf9825b63372bf65,d59a964156a714ffa653b7c45c743de3,1
44f34f9f9efb20e2fcc840e69633b8be,1748a5e447722cdf8bcdc0628368671a,2
4550a6f5c4dee395d0863684534c131b,402936dfce9947b114237c22e7fdf9f1,1
459d77b1036abdd48fc9de2cc73269ef,7155e9c0e349da41852c41e6c02c34cb,1
46559ade36d9d6e9de6f91992bae9e34,64593f7ffb8aa09e202b173fd6f108c2,1
468465ad42a0857c779b92889b450d59,be20ad0093cc590d6af3bc51f1f4c055,2
46c39f23ec7f3e6ba6776d01c7edb4b9,b1db25e57c75bd09f52954a02450c3e7,5
4715608925017eedab7a2659d8e32cca,1a9fe5d4bb9da9ef95258c151fec9dc0,1
4715608925017eedab7a2659d8e32cca,a2645da250c2090b25852d2e9306dbff,1
4715608925017eedab7a2659d8e32cca,e4c1379a9e183dee47c157e2a1f5f524,1
471a8f19088556142c291e5ccb074f6c,57d558ccb21eb52b578da18eb89949cc,1
4796818d83a1c2cde7b412bff8533d67,1d73148317625c98399f6361ea9cd9e5,1
479a10398fe63803a2cac1093d20a6af,2ff8af26010f124ce9af48698be6e3a6,1
479e750592f0b856e86d05c055882a34,9aeba7f5c4ad4726e0ed11a2681277b1,1
48a4cd56755903e2695d05c4c3793a00,ff7b54d0d4c4698053ab249ca51e8b55,1
48cce7cdd557f4f92e33d96ef793e1cd,902c200253d19ce441b1713c1dac063c,1
48dcf2be837228cb21d0936781ed2061,a314f0547253f5910decb273b3b9d0dd,1
494ba576cf04e95b53e64247df4cdf85,393a778da07cd44517d34e73da38f252,1
494db877a881d8fc7970422856e2f258,37d17d71a635d7e50ac48bdedfd5c8b5,1
49b16c00343c611f66b59ca6019aacb7,c6132928cba6b44adc82ceda7e3690fa,2
49b8c28318332a552c626211587483fc,30ac85d68f3125793766a17b6cca4256,1
4a24063e1952817edfcd5000bbcddc7f,178d73434c27bd0fea9f7c16a8543ffc,1
4b33fcc98ea1f59d6fe4eb2e0a48bb4b,6287a74b664fd8ad4ed5c541b399a82b,1
4b79f8a3d3e00e128f5daf1b66e624d7,912a5423778166c4460d360773e8f8b4,1
4b990c7fef35f9bfa0c1efd02a0c4fac,a6dff41900683773652038ad0faaa5ed,1
4c6d6ce962c3ee2733508d71aa865c72,bd398fa85f515fa79aee68390f1eff0c,1
4ce6d02d88db985417cc00761bab9cdc,d04d0a85309b5e22b911cc9ecd87e728,1
4cfcb854ee5b504910b512c11b20a90c,995a2576cd0fe9323d5157b2a587bb3d,1
4dc0a9c2a732fe0e25712632bed840c9,4c3f11652ff8d61ad749ef9c6232125f,1
4e490b92936473683f4c11062e23a065,22db0318ecb7a081086136b65482f095,1
4e511bd146ea369441b4e8435b6bd058,60316f31c63001dafad05cf843873611,1
4e8113d3b3fa0c0aac1a2d95e5c2803e,75a4214bef2a1ddeb92bd6034891c9cd,1
4edc80e7d7d3d1916c80cb96fc506679,b606115b486443b35df59bfe059a563a,1
4f0a4f56bb63b425c1411dc1f4d1ab2a,2589e8a95101fd50afc95b548d8d5bf5,1
4f50db52ca9bf7bbb06f7e2726ba234e,7b76966bb991d7acb745f2e0d7be2d6d,1
4f70420eee556211fd2a89cce4287b08,f878a342d360afd2e1a49b82c0b4b9f3,1
4fb96b3ec82c0e51d5495c4aa9e55ed0,f0aa87add410abaa4c6264488bf4ce07,1
4fdf46c2003ba14ab195be39e40d3295,adb02a4f1c9cb5deca1cf888a07eed08,2
502caacee2c0a95ca03c9646f726cbd7,2589e8a95101fd50afc95b548d8d5bf5,1
5062233d464e6b0de1ac96a833440bff,4ec23533d5613f7e7c1f56917cacaa74,1
512e13a9c17d77d4ceb319bf82899dad,0a98c611d595f16349602a7090971f5a,1
5156ccabfb594e6e8ae2f95cda3f9e48,3673454cce069cd161d6de7c97978726,1
515a6e2ed0bcff0b36ce1e9fa77c772f,11db68fe111c167f2f9b04e4caac12a3,1
515a6e2ed0bcff0b36ce1e9fa77c772f,1fc68dec43291649cc99a0d0f7014d80,3
515fdae9989ff103807a37289dc11f2c,6d0f8c22fbe0fa9f1828bb5f4b848120,1
51b2ae78028a2c85032f1792dffb688e,100cc0bd8bb357d3de97d37c156c5d08,1
51b2ae78028a2c85032f1792dffb688e,24f5418807d3c0f4f71becbc110fb9c2,1
51b2ae78028a2c85032f1792dffb688e,3ed6a07ca1c308f04ef5a21bb80822fa,1
51b2ae78028a2c85032f1792dffb688e,4b69794c45613c33eab9663abe397f00,1
51b2ae78028a2c85032f1792dffb688e,51b9859ae737929839b7bbaf5ba15e73,1
51b2ae78028a2c85032f1792dffb688e,6b0a16da90092a46f45857695c584bcc,1
51b2ae78028a2c85032f1792dffb688e,87279f142e7b1eee97e7e7213332432a,6
51b2ae78028a2c85032f1792dffb688e,8c1fa319a09a15d7e09823abb2160ed9,1
51e3d7711adf5ca219ae68f593dafede,03f21b31f6179cd573a490cfa1ca2d48,1
51e3d7711adf5ca219ae68f593dafede,dfb41d7d999b5ff0623f7782e2edb6e0,1
521304995892b05ab035ed026a40f624,e0ded3ab0816539dbbdb82bb06a73917,1
521ffea03fd3d4e738302f84ef737234,f889504b8a184e0a7904675d29af5ede,1
52327c81c0349a9996334f15afbf8d9f,ff4d0d8bf807bfe36fb9eabe93ab16b2,1
527082ca5f2a76a94b788fd9950371b6,06076bee03b035cb460ca9cb680d76f7,1
533897c0f943b1bfe0b8cf7702557b6c,f3ea168f52d222fb094bab6369a6ed6e,1
538e3e211379e330d61a37d73aad6612,addcf0041f1c121685cb1b407238e8b2,1
542b93fae25f31416ef6796d3bfea8bb,676e7782e5f962df49d215e11dfe1e21,1
5522c5323d584a04403dbe9f2862d5c1,5c4c1cd4b148e9cdcd57469e2cbc419c,5
5522c5323d584a04403dbe9f2862d5c1,b36843bb29db3cf7a9a544237090da05,4
5522c5323d584a04403dbe9f2862d5c1,d3e35bfd04686d9ae996872bbcec81e6,4
5543f473afeb5d75afff945ba3628e24,9321983ec7136cca73193921d9c8dc95,1
556a24a8705965e6ea3b8938764a7053,8ef8061c3a57fcb704d82fe8ed29040c,1
55cbbc5890ec1c49dfa7c7e5f2f375d3,4d01fba4f4b306b3e8b794d8b5cd759c,1
5606a28932ab6f998dd9e4fcae3ec952,99defeddef6ba6dffca28997500bb7ae,1
563d71a135a7b271134549ef2b80d99d,38107916dab07b17b7e5104cd0c27e70,1
56baa8aab985e230856bcc45023d3734,096e4eec8754fb718954a80c9bcb3183,1
56baa8aab985e230856bcc45023d3734,687c8555f3ba10b7bcb36f84914effa5,1
56e11e57c44e052ffe3160090111b2fa,06076bee03b035cb460ca9cb680d76f7,1
56f7291501b2a8487fbcda516b7e4055,2ab4abd1d31a050ed7d92b111458e723,1
56f7291501b2a8487fbcda516b7e4055,d4213f383d5cc9a228908139b489c75c,1
56f7291501b2a8487fbcda516b7e4055,deccac00a98561bbe44139b2ae43f737,1
572b51fbd7cba5ad3e89e8f02cab0bf1,561dab720d489153cff6fe3448300be5,1
57715b89efdb5f75c1c353991824a1e0,1b4c5936f3e3f9ca5a11093923fbb8e5,8
578698737745c13a09b691d9a75c82c1,b585487360eee388bb7ef0cb6a2839bd,1
588ffab8c179d9310b6fddd3513386d7,026146a98377deebacda89ab5af9d825,1
58f87004309b363ba7241991d19c196f,4c6b13f109bff9001f5e358142dabe1b,1
5949191b85341a878cab77d64e6ac46d,dd7fdb2741b3e64b38a442ba017ed713,1
5953ea55c1400f49a0014c9436a15e77,de2e64d2d2171c2c905de2c2cd220c39,1
597c6135d3761d3bf30df9c99ea96670,b6e2dbb8fbb4e8d3e82b8fbbe4ae99d3,2
597c6135d3761d3bf30df9c99ea96670,d8c7ac0183babc975a6f92b905a6a031,1
59ff5833bb533928050f23c8b4ed048c,c603b8a6262c640d265c2fd4ffb8a7a9,1
5a5f8c06487c426283b5c58728281647,cfaca9e7f2bfa618af10f812a3dfef3e,1
5a9ada77f8661b95e60cf1f8696f753c,06076bee03b035cb460ca9cb680d76f7,1
5aaa470a80f71b2ca555ce0d4ee03a82,f295b80e82e8383630be69876938b4dd,1
5ad381fd4097972e3b2ca9edfc51f6ac,4128e7daa8fbe08603251c658aa19c02,2
5b16056d2eca6471cafc9937fbc6d79f,562d8a46b1632c48573a9feea0c29caf,1
5be01b7eefaa1b4fc0f28564893cc616,3e42fe027d635353ec4a0e27e144e566,1
5c0626d78311473d9a2f2995db08a4e7,2339125729ef8a48d81c8ccabea5409f,1
5c4fbc64d7dd4560e6ccba0cb3f99446,ae162ec0066b4aa1ed3a8ddee15b792b,1
5c5a6e0f7aa32e9348fb0a7bc2fe2c7d,6f8cf84c88f3caf34a3bf4a5ef0399c6,1
5c7297a35117ff11b3c512578686e6fe,3e9df379a3fb2b928d035aebfe26a0bb,1
5c7297a35117ff11b3c512578686e6fe,b17021e9e43107429a67d74ea3b5f77d,1
5d8df6cc4f9a75ba9c730f5f8fd8fc37,f6d67ccabb65e7ecacd088ee5c1448a4,1
5db7f30e3262939384cfb195aac4f28b,5646d4c24909cd6759f300f05ce26b04,1
5dc339e40b71186f609895a53eb1e5b5,f96ca0fd5708ecfca1bd1d5a453215ef,1
5f7261c9b8a09fcdc724dc0a13472fb8,5625e6f8b189ca5a813a1c348d28e3da,1
6008352e24d9afd40ead9546e6da3e19,74d5644476674e7325746b3cd2a1d4c7,1
602fc46b218b34879092addb7d429957,7edae4c0453d36ca663b0fee1ecb36be,2
605d503aeaf59fd65ff51afb5215084c,56293757ecec17fa33c18fb5cd274af8,1
610704febafc366a25b26d12d864377e,06076bee03b035cb460ca9cb680d76f7,1
622837253c2b6c80230502b4b3f3f670,78ecd8df72d545b7a7cd842353cccb6f,1
622837253c2b6c80230502b4b3f3f670,a977cb1b946b90771034b8adcbbb76f9,1
62791e4aff1e52c4f981faf990cb67b9,83297a5abf62a5119a1319663ba0dfc4,1
62995bf8b1c35467ca61cccfc9eebe2c,a90cb3a6ae475a7692be3bc017168817,1
62d981fe67b24f05e56570c56125129b,0c8cef8a002872c0e15da95f4feb78a5,1
62d981fe67b24f05e56570c56125129b,125e4971b86bf90f5b75349148db0c82,1
62d981fe67b24f05e56570c56125129b,3172f4920babbf8c04d36cafb2feec17,1
62d981fe67b24f05e56570c56125129b,38e8291fc129b208ba587384ebfea414,1
62d981fe67b24f05e56570c56125129b,e8a2af44898f26550c78fc57a28aa50d,1
639fac89a3cf48794f4626df796f755f,51da9a55c6e6d95121ad3e8bf66d8d9e,1
63b207cfc9055f6d9f0699ec8c2b4f4d,31abaa0937e0b4c28143173ed567ead3,1
63c60941e39ee611db23a2b037cca4e5,c7d87fc7ba83aef3ed758373c603b2db,1
63da73b2c3610d53774ed78f8c3e7aec,c3ee403dea1abec4c760ddb98920a683,1
66384bcb79a22a73c8127ab6b557bddb,78a5b49b9a132e43a6535d6e1de814c5,1
663d3980b63dadae83e28a9e19487743,0fcc72f1f9d7a897525610ecb9e232dd,2
668ca8c6096f9068da9554bda9522e62,fb6b6ecd059b0a9f4ae3a0cff10f2221,1
669ac02b2b234a42c229677daade3f69,0a0be74a26e31cb1463d2d87e092538b,1
669ac02b2b234a42c229677daade3f69,175190f435b0eb047196dadf9d816308,1
669ac02b2b234a42c229677daade3f69,1861910f67a0796da77b325c4ba77815,1
669ac02b2b234a42c229677daade3f69,2c5fb670b14ed3fe7d4b66d14f7f8c82,1
669ac02b2b234a42c229677daade3f69,49b3fc038ffa571f229ac8e1c372bb0a,1
669ac02b2b234a42c229677daade3f69,4c6048bd39757d7796b415ab1c91b4e0,1
669ac02b2b234a42c229677daade3f69,60a321961ebde1d039722c09ab4a5ec3,1
669ac02b2b234a42c229677daade3f69,9cdd2cffbdeb91647029ee08a8787112,1
669ac02b2b234a42c229677daade3f69,c76f1362c2b00c013f0a25fbcd8b3d5a,1
669ac02b2b234a42c229677daade3f69,c8688fb248133c7c61ae51adaba5a731,1
66be530307d55a79f9ef7915fc86eb3f,0ef2a0dab7fe9517255dd2169fb89d11,1
66e7a53eb931f14fa9cf2d2860154d7b,0967a59bd4fea96e578a057ebcb6a791,1
67ceafdcb7c9e364a9c177283e9be223,8152aacf8a9a4e1913dcf065eaf81abf,1
67d123d90b08193603871af679321bd2,d6a7548083447add8eb7d6ca013b6c5a,1
67d12b1d491ebf3245d59e2079667b81,05e307f7926114bfa2a8be7873dcd312,1
67d12b1d491ebf3245d59e2079667b81,1ea51d4f2ef4cd6171d219c0116b730e,1
67d12b1d491ebf3245d59e2079667b81,34d6b84f6ffd3fbbfc2eb839f2486e2e,1
67d12b1d491ebf3245d59e2079667b81,55db2cbc8c3422e777caaa534414a86c,1
67d12b1d491ebf3245d59e2079667b81,699b10a5eb712c7ec2d70782e68b1f3f,1
67d12b1d491ebf3245d59e2079667b81,a3f999bfb96ec199b1bde6f916f01e88,1
67d12b1d491ebf3245d59e2079667b81,cdb60b643cf17389393050f05e49958d,1
67d12b1d491ebf3245d59e2079667b81,d4427389508f75b65a7baaa66c5b711d,1
67d12b1d491ebf3245d59e2079667b81,da2a8bac5f1ce4ef21d9b0ec06fe6e61,1
67d12b1d491ebf3245d59e2079667b81,fb652afd0d5c65fe7ac9ff3aee4c87a8,1
67d12b1d491ebf3245d59e2079667b81,ff83a5b5761f76124d73f32a3e279955,1
67fe4827436e99b921b5408794eda6da,15936af31003de46b82f8e8cbfe39479,1
6806e937b3ba8dcef5a19e7204f298a9,c945e2b107e3a91e7edf460f3eef71d1,1
682e0197873d59963781914e191fb9bb,15936af31003de46b82f8e8cbfe39479,1
685b26b77eda5b6b98ef217e188353bb,c68861bfe4193474070ffc57dbb414c1,1
697bc0759d93e89ca047e59b8b7459dd,45a12fc8954297bebfea4c8ac34a5f67,1
697bc0759d93e89ca047e59b8b7459dd,f019ec008b87ea304aba9d081281d93b,1
69ced4128ac93ab81411723558346f2b,18586dfd7ff4e3ea64c9e3e0a9a84507,1
69d65722fa3ad448fe01a494025c1e73,463c7644f0cdabd81076467c5f86a519,1
69e71dd47947cf2c18ae81f760482db1,c2e6473fbf62d78455a561a006df7a25,1
6a43b7ab603c38909370769b7c6a5fae,caaa6da99aa0a1a60e2e9a9a1376ec51,1
6a882af8cc4d74a89401293141aa28f0,454570b1c9d5679487c83e81876b499f,1
6aaefb218d4f5324a3d8982c275c0db4,66a83a69f001945ba6520acbe77195a8,1
6ab043423d8e8f2bc3d47dcaa3246f68,e8168492b7722bd3c07acc467912df91,1
6bf2db7ff4eb93b10f1373cc56e85e95,dbfa55811d5df30597b29ffac9b372d7,1
6c19b56c6b49bbc71a56ffb725922285,1bc8b3eeddcb9243206a59a1a842f8bf,1
6c33d4d4c7818c675b2f8e955b1273ec,8aa1b60ab7d2ee9b89e77f2650d4c0c7,1
6c9fccf31ce20a082858a52faebfa162,c3ee403dea1abec4c760ddb98920a683,1
6ced97a9bbdeff6c3dd843020cd7227a,7d68701738cbed33259bce6298306049,1
6f180f613eb4c4c1ee958e0667541d50,87a833c6cc82fdfd83c0614dbdb0d1f4,1
6f56df1a1df7b6f92619e977c45d7550,3d673d9a1242b41da9bbd91ec6629790,1
6f734dbc6f29cf2ddf98577d283d2c95,27d45461c660b8dc4dd80c1cd268ed8f,1
700cd537ce86dc77a2ac870b340490f2,8cbdc0743b20df23b5123094663ab44d,1
701f7ece4b03a408a270b3073a5f9085,ca706ab3ac3fac23b48f6c3e763e6d32,1
701fa3b9d7b959f56c7d9f203a1d60f2,66951535cb3a3135ac5abeaec48e0802,1
7047c16a6b7c120162ca3da0ebca43fd,d714bc5c946ec01d9b09714524805e5c,1
70589981b81b627db8441684db6d9b63,d7874dd1af6c2d86deac5231797ecd6e,1
70956b5f18cd2e937d22a95b7dfb4fa4,9c3c8064901c95cc7af1094133d85956,1
71f9619531661e1b6c9c930cc20a1232,7edae4c0453d36ca663b0fee1ecb36be,1
728c06358dac98938a7e31e1c71d729e,5c7fb5b0de11c081407689e46a172ec4,1
7295400ff1f1217e07eded69dad0cb50,9931bc4ccd7fb0381dca55108dcfb676,1
72a4b3b6303b0e721f35cabaed13cf4b,ea060f9e826c58f092b82567f27518c7,1
72a7f46f50a51fba2bebe9100eb3e66f,dde527bd9651b7c4a31668ca5975345c,1
72e1fb3cf0a77b89b9238af3756cc108,60c5a9b1fa0e0a01fa15ec54689d6346,1
73c903ea9c058512ceb810573263549f,43daf79a8b52a7e45e7ff984cfb276cb,1
73e12ef3a9b2865296185e02b4ad717d,06076bee03b035cb460ca9cb680d76f7,1
73e4f706633261080bba495edb95e667,899a8739a3f9f40a5e8d8a94ebf20965,1
740518a1ca7fd5dc2604e4ce9c7fe85b,d6af887b5b191b97d632906110c6f99e,1
7459ffc44d09a69f04a9b1500a27a7dc,70494019732242112c3599d49e9a8e1b,1
748616d0fded4bb4be1bb7a083cb3779,2589e8a95101fd50afc95b548d8d5bf5,1
75209e7b8476767f1d5714c92d995a4a,e896b6664ac49f27b45c11c4aa896116,1
76ca525e59d46d327169183b3ed11a2a,a00f6eedb2cb16684fd1dbd67050dd89,1
76d17e11aac2f83e57d48ce711c66edb,343ec4139eb474e0e166348126c158f1,1
76ead42acc93243004583bd6ce9ac04c,c36811e9a3586e44663a50661ed21a26,1
76f0d0224179dbebda434bcba9b099bf,615e7362a01b425580af36a42d2f8a38,1
76fb51bd24ae48159abaf54d3c78eca0,df068a1e466c91edb09750b174c4a640,1
76fdce999547942de8fc452429d86ba3,124025cd5a0583152ce9142103f4eb08,1
771f26097ce0fa036c71c50d89143a28,0f7e5f426018fb5fb731a54c14d5261f,1
77dd9a045720e72b809a9d2fd238b151,6b9a0bef237f14621b4b836dc51c8847,1
7802e6602b114f9b154b0537f64b9e59,b3f709f4fd4b77920278deb3db03351a,1
78672660349cc0261d5b3a43a2b2fbc7,95c10881b297a82ddd799137d1843f2a,1
78bd23955c39cca5dc292259f8ff2929,3dc7279a203a2fed09c2328bb845f2c0,1
78bd23955c39cca5dc292259f8ff2929,90fa5282d5ed41e197f373f6bd9d1bdd,1
78bd23955c39cca5dc292259f8ff2929,c3fbec19489ce4ac6f149d5094a0c7a6,1
7972dd0fd2d76dcc9f652ff574a9c316,c564ff80254cc97773de5668b397780f,1
79c6d06879c1497bc0c700269dd4a356,672afc14716a2ca07f8da5fc6a958d6b,1
79f902326af71d6cc3a3371eb00bfadf,0f1f643907196ff8bdc75f19d122505a,1
7a0129a7ab752ef325aab46e234b3ede,2d718ba04113894c72e7949b6e439f80,1
7a22b13911d74c0f6858b8c2fd8f42b3,125d648f654a9f5e50ac8120bfaaf089,1
7a933236305e124a7aeaae4df6c5a699,12eae749f5650885d986d6aa33634bb1,1
7ada20da8240c28ca5021c84ffd7630d,3ee8a3e4943d9712cf119734b9883102,1
7b130b93188e8e3dd391c16789bfdf91,26910d683faeee739ffecea367901b3f,1
7b130b93188e8e3dd391c16789bfdf91,89bf644bc4978005f75d05e1416ad972,3
7b84a8c04e372404f1e27fe0ed916a3d,2d962d77120ea65989e0b88e60961dd3,1
7bff1d008820242f1394f030ae8c5501,45452916734755bfe6feca419a576d38,1
7c913c146485712fd7c48c30d9b5f752,01739f870ec136dbdd9b77bf99dcc1bc,1
7cf1044147c9a10649d36244c21dcc9b,23c31f6d09453ce04813e2de09f6e129,1
7da043b81474fc50061c9e2527f52baf,84710897567968df73182df8c74f4a97,1
7e5593a3c658b7784bd4c2cd8fa74907,3ccbb6be859fdc5b3fb5b333ba0df898,1
7e6ae762ef774a7313dc343099640948,d525782294bf94f1292467b369211979,4
7e87fe0808110087a20c4af8ef3f6277,ce25a048f93cfb1cc8362a0f73d686a4,1
7e91807a47ab3406125d4879a65b8db7,3cea025ba722b1ccef983ac6d50c09f0,1
7f2fc366b148f7de92fe835ec49d2cc4,b8a5b59578f388f6d14dc709ff3c0cdc,1
7fb087c7a00b9e96f94185e7d52a2969,d5291922d9d516141e386203e1e7dfc1,1
801971ec7be171f6ac9acc679669cb19,d2a029e0e281178fdc25c5e08285a55a,1
80212c68f4261c1b8f5648d522755474,96b02c9cd00375c862242b99617a51f5,1
8044d8b734c9d226c00a67390a8f6783,7cfda7de0c0cb9d99584696908872ac4,1
808a20d627cf1cd36b2f7857ca50dc9c,e8749809dab4a55b560a0a2082c89be0,1
80b6ac8f20140d6c3bc7d886fb603dc6,4976d8d2c5af2224090a1fb29a8b35a2,1
8117f1b08a1e0e0fc8c1957ad296d5a2,c99625241920878d0bf4996e78632b95,1
819d95717a885fd2cb2647f4fb9a8c99,d5291922d9d516141e386203e1e7dfc1,1
8226fc575800298ba7f630939d4da2b7,4aa0226b602ac7f30442de7b52817115,1
822b42bb93aeaf02b4dd9b2a8a252437,2e20a64064c24502971210e687816902,1
8284eaaee2fcd2621a16349327402420,cb61d049c5816b1df4d513d06890fc8d,1
83705084fa10bf4db2c96dda79ef3e81,75c21cfa77763ccb8574127dce91078b,1
837d80c456e03b0d4f7b1c27b2f07c94,4acd7f50477f199e5d9e6aecf537c7e3,1
838d4b923726846d16bcc4dbbb4a07c9,9591c7e5cdb97c3b4b7578111be07cc3,1
838d4b923726846d16bcc4dbbb4a07c9,97289f4350d7ece5a1111a369d30ea90,1
8391c90f2d5eb3301fb7864427edf1ae,4d01fba4f4b306b3e8b794d8b5cd759c,1
846db6d6cfe9d3f9de2a05cb45f6d2de,1c1e930d52629e96008581c32f9b7c6b,1
8486611b2addd3aa0ff3932d3106c66d,ff6b61ee3b5303f57aba978611725ade,1
84d8292c0edee56e7d7b3de00b4541c7,12d07fc02c79da2392e77c7aca5e88e9,1
8511b596a708bdbb52637573933cd08e,c3ee403dea1abec4c760ddb98920a683,1
8634776f8e11b6754fc669c5d402c188,e6b8aeeed2274846529e93b559624182,1
86497149ca34f70030d5d9e9ca281d60,c123d92f6eb0c9e8a7e235f9cdce30ac,1
869feb74f3045d9ab14c8fba6987f41a,2ae7a054de2b06402837bca5e75cb572,2
873fe1f35fc87fe84fa1d0333c15f600,563f0a3c32d0c3e797b0f91881bba442,1
87412c7d98594d40751d0a511ec69337,addcf0041f1c121685cb1b407238e8b2,1
8772b0f4c363e4bc4945c999858951f9,521652f6b877c09701be9b10ce1717e5,1
87a8aaa843e8bc97da769edfc5adfa52,33416a58c214920d3dde7603aa6057a1,1
87a8aaa843e8bc97da769edfc5adfa52,8b116f702ff4672c293ed8cd909c5d64,1
87a8aaa843e8bc97da769edfc5adfa52,bbe8393372bc3dbb0c27e165186d2d3c,1
88126f34544fad53fca5fa53c75c80c9,240a42cc0041dbc4c556ff4bc8aca45c,1
88c335f4db0b5a3d229e077ca8f0d27e,56c283236ff8cc1285f88ef1e09f7de9,1
893fce692e488f806a82ec3410f3c1a6,8cfbe66f401ffe9a6d9fb3b8a94604fc,1
89ae9e8ffb9476ef2eb355b32681a0d3,9be5c6feaba77cef5b87d064caa926bd,1
8a441f1b328541c7b65f97d45acbaf58,3de7fa3f32a78f8e7757ba9c48637a8e,1
8aa5b2c98d03b71c96b272527eb9d73e,e58db1737c996ff26cb93be6964a88d4,1
8b5ebfe1c8866342712e4daeadabeeaf,0a98c611d595f16349602a7090971f5a,1
8b960e91125d05aa182cf1028ca8f5e8,83026b68b2e54d1417367d2f5f56b0ba,1
8ba142b7624b22d47704cbdb5476ead1,ed0b57e6bf21a01f9162088623e8d680,1
8bb56ae5eeaff05da4db48f3af22fa41,125d648f654a9f5e50ac8120bfaaf089,2
8bd1a818a34c9b89f198168775445200,deedab157f5ee8a49c0e6a8d23869e85,1
8c0d649d1281032e80a18660e69fd2ad,7edae4c0453d36ca663b0fee1ecb36be,1
8c5b42304846e8b9cd90ea9e90e8e739,de5fe5c43c07d5f39c3a92ac8fc43f51,1
8c5b42304846e8b9cd90ea9e90e8e739,fc91f8fe3ebb528f4a47512e6547bf61,1
8cd9d2a8c03d3a29ef1a605e4c0a99bb,f7d57c69b809adc00c5c6095a585463b,1
8d891b41cecf25419ba8b67813f05567,3d786b37afadb1cae23ad47081fbe753,1
8d96e3b05e3638c8b5c536f0d123b864,d2fe663b2e9388c2ba8965633d27d894,2
8ebeab57c3cf1e1545b987fef374b02b,2973c54ee6b32927b860955de220a2e6,1
8ed83c0f45cae3006c03d121e730f517,b1a19231b87adc0073985a2169e6c8e5,1
8f2c7f715035ffcf84e8f83efbd60771,db8c8af476893a217b30655717bc8158,1
8f4e6f1b7f91d42baea57396b2482f03,0417ae58ca8259cadafcd282816fd0a3,2
8fdda3bf17d9d59b493b0801deb344b8,2d718ba04113894c72e7949b6e439f80,1
9176ab9668aee5368cfcbcd10645c263,d584cc6c3aaf8686a3f1bcf59318529f,1
938b5fa9f22442d2ec980a7fd4bce02d,3670fe6a00339340c2caeade3cf07a70,1
93e2b6bd14eb5d02ca47a1a139a4f01f,706513014b99aa52bd13b2a59a97d354,1
942a816a08d1b77af706bba27811317b,2cce929f7974c392c646bf776bd1df69,1
942a816a08d1b77af706bba27811317b,89781aa4eeff31ed402e2951c9c545d8,1
942a816a08d1b77af706bba27811317b,c0886ad90877d5b54b886732c8829f59,1
9487b7338735beeeffc641095d9e3988,c2e90b4c891d2fa6dbc59bab46f213a2,1
94890a8855dd3cbccdc29f58ee149bf8,1e04886b9921cf4414fb986eaf432fde,1
94a978fa9966b52a3b5fe2ef5ec14326,8152f507c6a173531b42f90bffc9d0f5,1
94f626a53baeafad7de2242701cd1ab0,777c319ecedc5c4b02863e6f713da7ca,1
952e3ff81fa213fe8a9803459b73f2a4,8a85b3e09f3c3b548b9b7df26a5aa88f,1
952e3ff81fa213fe8a9803459b73f2a4,c5b86d4e6cafb2d81325dd29dbb76f83,1
95c248b8dff3e64cced497cb45596346,ad5fc8e655f3ad2f5d94661f80518c6f,1
95d37f7564859503d78d7fe1c1a0553e,b7dbdab34adb4bd3751c17231963ed01,1
977adce4e2f865c0b77fbff4a9b55eb4,2d298d28d7b20ad989a97f39a8409f06,1
97f155ba8ea7345506492a5aefca97f4,67ca50ab5284575e349eeb90f780aa16,1
9846a75a7e045f7ae0b4792ea14ce7a9,1c1202922128e2832d9512d2a78905ba,1
9856d705b7ddc688131f36dd8409c064,843015c9f6044a720df4dd7980e57d33,1
985d1c112475e30e9f35c61580497de3,648dfedf0e57449acb9b38b4f42e97c6,1
9874d7a22ccfb92058c99c5e1a5272e9,c87bd39d3b8cec4c74590dd5687d9ec1,1
9995eab549a13749c96a4dcad23ea0c6,4a8d512b0e7dd622e565f9b57eeffd96,2
9a0d53bf1c7575c6f32a0ded7500c9fc,6502d420cef1ae69b45d5e10da8972a3,1
9a178c299788caa09660ecc6d7d7871a,8c818e32f605d0219485be4dc5c7a85f,1
9a314bcfafa69f833889cdf18f4a2537,06076bee03b035cb460ca9cb680d76f7,1
9abb9f1cbc3f0b0411f3ed79cb0e70cc,43cdb8c02ed7eb82158166bf96fafa86,1
9abdf0a280777b2767fb17792ff2b81a,78b8d7e59a809e5f5746e56ee13cffc2,1
9ac7b3b379daa6c7c923aa6f210f4a21,2b99bdbb7201ecef03216f8a4f537b0c,1
9ac7b3b379daa6c7c923aa6f210f4a21,3697a1e07c56d4e8a0d813b84e14c243,1
9b97e6e62e4624602b7c700294f2c3a6,51f8d9898f2d6900b78c85e1b49f8241,1
9bf305e9d3af28340e7cf8a0d315e066,de7d7df4bd261553611807858e939e45,1
9c4649d32337234fa08791a610a99957,de61e8903eeb03a25ee834ee14637692,1
9c587e5cdb37f4add32ed2c50ae3f710,4c41a3e11ae3885e3b30f45fec2c4181,1
9cb34aa136677267063e9d9f2959b7da,06076bee03b035cb460ca9cb680d76f7,1
9d5921be8562dc55e99b55418477f166,47b76c97ec86fa01657e7a263940283e,1
9d8c5397ab99b3248518ba8de450b2a7,2589e8a95101fd50afc95b548d8d5bf5,1
9d935d7d246b13b517c391c23f1ffeec,650224da040bdb81be89ecc7a5fe50e0,1
9f0aee72508c0571284310a3ef43225e,c564ff80254cc97773de5668b397780f,1
9fba05f07ee3ff4915b0f3b7c3f34bff,2737cdd6860790c7b88c1f7dfb0c9471,1
9fc0c6aa8d82bd4c51fc5df1c03536bc,ef6dbb107d4cb8c3c4f78286862a99af,1
9fcdfb1f8c8e903157a952823933135a,4478d1c2c20d70111c598a08da1ef79f,1
9fd0b8e9c1144e56c509b3b56de392a8,ce93956193dc197de190d74f5f116689,2
9fe73f2d6fad33fcb8900b3d89cfaba4,eb0503ac41732963e419f0bafcb8c02a,1
a07211c5c1107462f46be1cdc00c038e,99602bf90fb1aa141474ff5fd246fea6,1
a0851dad78ea963db225ac0bb70fdaaa,cdbfec53a4b627106275141ad9437ea4,1
a13ad6f14a21fac38bec6547fc3e94d3,f1a8be01543a6772af0e45e40008609c,1
a15bf365aeb3643f2c1680f255933649,ab91146319e0c084b74276f7ad1c0a35,1
a1779c2c4f555e9b256cf9cc30180cac,201012d4d01e952806065bf355db4ec1,1
a1be4bfe69c7f8eb4029697f4ea24c32,1773c9b41c8f2580b94fceccd10407af,1
a1eba628e906b9d5772c58029878bdc7,3c2a559966c769e6dbf13f85cf6a4e8d,1
a2363822944d3f70f537299aa37280d0,31bb67c0c47e0cfde6e08b4b95b44ac6,1
a2b09e2db23d48be8e62d5ba900d75ef,f0f6748ba60be1cf064173284fc77695,1
a2e533cc4d9b3b5f75ca50c2ecbafe27,77cd4b49c0b58f2a7c99e01901cdb543,2
a3355ffe47ecd8523757d4fd132cdf9a,bb44b9dce3ab87297256a845cb4c8e16,1
a35e0f0033936fa5b1d340f37e5332a2,4a9ae9cd6f901e6cbd04e1d28d5b63fb,2
a41d1583801a82297da1c4cd9e98cdd8,4ad33599f539d9101725e442690704bc,1
a4913cbfa52cfc4533bd29f03d87f536,c431f1303e28b192eb19e13ed9eaa64f,1
a4d955f47a9f59cc2e7ca68f03934e2d,51ce3cddd273655278a993ea2d104d85,1
a4e61fcaf344a3e1761e6b5f4a938679,2e695b2a4c4649da8011317dec3d2717,1
a4e61fcaf344a3e1761e6b5f4a938679,45d043044866616567a7154022c62c3f,1
a6302626c44498b84afc6633f0091c79,4a8d512b0e7dd622e565f9b57eeffd96,1
a6484ed8f8afb062f95b504b694984e1,159eef1145efc80314b0e608ed19177b,2
a64a9cf84f6053bc30b161888585b7e5,ca706ab3ac3fac23b48f6c3e763e6d32,1
a706331797f1f4f8daf772adb0419348,5aa0165b259fa81179229ab8dad91026,1
a71be6e175f497bf33f1fd75d8658a6e,2241eb6229e39aa5dc7adafa3f1acdfe,1
a763be2ddb7cb12da46be17be5528bee,ef7bf24039a47423e252abc269943e2f,1
a7d65cb5f5c797f20e7fededdd73480a,066c48eee0999e64db512b1060ba7a02,1
a88261a9bb5b1aeafe5e461c1d79e0b9,0634a3ce6b2050c539818c4af4b23ee3,1
a8a11efa331b5236c6d42692dbcd15b9,ae868c4ba6796482b3b170239909c9dc,1
a8e3a5386a7b69e2306c11efb08bf456,198d5fcac7fb76ad93d484517c38384f,1
a8ebad8c0d029b7ef20a2b52a9b8932f,f1b8e9aff5550ee511977f386b68da70,1
a8ff09667f674a0bea1cbb4e0489aa02,f5c4d9e7fe232f8450c283a3db3287d9,1
a961865a0fda6ad7b0fea44d65ab344e,88be6c5fda64679d85d9c8854f421f06,1
a96d723a742a00a50654299ebc767765,aa03536e9133cd2aaf44e0b756b5ba1c,1
a9ea4b982b31957a6f7b5bcabd38e936,244e74979ce251f048325cbf59727890,1
aa1d5d87d5b9ac1ad8f9f4e9d92770a9,1b77f3da72e68eef3c8a73c8932d7bf2,1
ab0bca502e94785a1d7610482d27ff39,8b5afb48baffec1c781a434b138f6a7b,1
ab0d010ca40930826db2549561248599,596bd50b0a54ac39812c878c42e87bd8,1
ab0dc278dbe741342d1dbbf7f904982e,9e066a31cae15bd826c3b8763fbadf36,1
ab2f8b9c0a7882dde7881fe12bae8445,cb61d049c5816b1df4d513d06890fc8d,1
ab9f9deb5804ac0dc24a670132449fd4,13dc4ae5a4e0cca6a950de71ef91a367,1
ab9f9deb5804ac0dc24a670132449fd4,4d01fba4f4b306b3e8b794d8b5cd759c,1
abea12f00a205457b289b2e5c0351e17,706513014b99aa52bd13b2a59a97d354,1
ac13afee1940d30d202d0cd2b11365e3,b780526e59cf54ad95332bb9c6e7e1ff,1
acbe2a6868e4bb7fb8d1d5b23f2899fc,be839036e99c23111f0488458af33dfc,1
ad5a0dc9b980ae7413f17d16d2633847,a87f64a16072eac34f476173e23537ca,1
ad91398fd7f6376dcf2d622cb109201e,cbda2756e171d43fe3dfbcde64a13732,1
ada71af51a500db36307540a6bc2afc8,f670ff6332ed8a0e08f696b8b4f5c66c,1
ae69a68c84373acfd6d9f094e47e7823,73f0ba08b65f724ebe888d7cf852d768,1
ae975e584390f2732342dd3296baf021,fe2b7f4f9004f50d32ede5b3f202a78f,1
aeedf37ec758d63f60ec735d1480ec0b,1ca27d09ab2630f9ec64c278d68dec9e,1
aef1247a0ca3ea63efa7989da4f485e5,dc5af81f7744e6ec9d79d47296fd79f4,1
aef910e0dce72276d23c5ae4d05b8abb,c065b07399a315402af17940eae0faf6,1
af2bfdc2aceffc17bdac2211821c3153,a76e05216166efb0003da22a54979f2b,1
b006ffbc9f68fd91e564b348f496a30b,0a7ac50257b4e4b4da3ff2f6af35e7c1,1
b006ffbc9f68fd91e564b348f496a30b,72980f82e7e3fe56bdac3846008b7085,1
b006ffbc9f68fd91e564b348f496a30b,8a7560046dd421e50cb0dc0a1cbf994a,1
b006ffbc9f68fd91e564b348f496a30b,b817d2f572f196e19c6830d294b31b60,1
b025c25c24073003a039d627e07b694e,8df00bb372a8eaf5e73f5bfcfc367032,1
b05bd1f0dccfd6317f16b251f5ff0253,2d244ba984070c9879b53ba1363066b1,1
b0aae2c7df115ed764141cd270020fd4,104bb099dcb1fc8f0a3643c88efa2214,1
b0fe01689cfa10364e73992dc7000a12,30aefa912acab74601bfc8b085119dd9,1
b19442a7744bb1817727562372a9a6d4,9b5aad579cfa98dacf5d986fec7f2d7e,1
b1a1b30f39b9add4633e0978209e9168,dc40353e308caa9641cee85942a7052b,1
b1ac9fb03493100e5359a48738756bec,249e383bbd75ffd4066d036a0e9e8b2a,1
b1ac9fb03493100e5359a48738756bec,b82487276d6c13eb0232099885d959e2,2
b1b63f8e60dca4680b9aa50e76eb13e3,1cf1a75dc0ed461d584d2841981e7d1a,1
b1b63f8e60dca4680b9aa50e76eb13e3,4ae2734f43b51129b53f81343c942d5f,1
b1b63f8e60dca4680b9aa50e76eb13e3,c2cadff1964f250f33b0dbb4226bbc06,1
b1cf04bae5495dfcb90abdfdc5bdfcb2,648a07d27747d57801d7062631119346,1
b1e7752a3c775b51d92f2fc6e468ef78,59e2ed69324796b294614b7b28b23e69,1
b25f6ecd05cb8eca79463bb986a7d37b,f8b76a6ebc60386aad1e3d662b2a017f,1
b2b212abf884573fd4338d7ac6a11228,033a1dff50b9a29b2fed234b72ba542d,1
b2b212abf884573fd4338d7ac6a11228,5cafbe7182497445ef2f3aa4631d62e1,1
b30d727939570632f7a340d2edf0d0ba,65ff75f223dc1e162ea4bab350889e05,1
b39ea1c8dd0556db332e342ad32c9ccc,7edae4c0453d36ca663b0fee1ecb36be,1
b580121a914b629d6a75ea01ac8493c5,84e762b3119fa8a53f38bd5059463a81,1
b5c0b24e178ffc9bda0b078e842b8d4b,de4f156f9e302926d07aebd3f1a66074,1
b5c717954bb6cc6fd31bb49f6a32dcdc,20ce4f374b1aec7d466938057405f1aa,1
b6a6cc5ec83f6745006d80795db765de,de1eb8b8e995807d22fd62dd08077a31,1
b6cbdbdf4d3337da0767fa8720c1078c,4e676d8db9b2b7853c414ed4213af8a7,1
b72ba05b07a44f4b5332721b12cb10f8,778138a40b352b2ef04520288b180c56,1
b7492cab3176c3098127afa68390b811,66a83a69f001945ba6520acbe77195a8,1
b7674bc356dfcd96db32491e665382f3,b11a6c654f933c57c5100fa79b96e857,1
b785c31df568b2510de66b360eac0c82,a810866592e07050a75d596bbc6874fd,1
b7a89a4cde92a799b25ad6d768d6dda8,2d590a961d5a86778262a03e68192b32,1
b800c287d24a62fbb20b586cf6351d05,247b466fb3548335d96418aebc508683,1
b831da8354bbbf8aa886bbe48df42744,5800f96486e5da6a64282e3cde870056,1
b9d73c2ea42d5b2e883eaf2a0a407613,24ec27bbbfbca7f4eecc06d00bbecd8a,1
b9df7eb2277bcb2fd5da64f868f84bd4,24ec27bbbfbca7f4eecc06d00bbecd8a,1
b9eaa3953e3ef49f33d9726317b99736,7252b5f34d6cb5ca5a3b66a0a08bcc04,4
ba1bf19f65a1110d928c5a2346cb53c7,07429cb7c6540e6d44bdffcbe7a1cf84,1
bab10bb6f1584870aa7ba2863e2eaa11,c123d92f6eb0c9e8a7e235f9cdce30ac,1
bbc331c8eb277634d898d6308889531c,9d8ac750b78168e31b14f71e87ab2087,1
bbda0be5707078cac767b2075386458b,1016b475e7ac7dcc1acc293ec29b460b,1
bbe03bdfdd8acbb8a29135daa7003cf3,3bb713e647d7f36c74ca9268d045a655,3
bcbfe2e22b94de34b5b467ca606f6b0d,168df4b2704508c04807100595ac2624,1
bcc4d2f3eb6a62c9cd60e77cc5bd7ce9,820078014b9068f123457df3d86b8dcb,1
bd182780daa911672828d8515b7ebba8,8de5234427aa2fe864d1b4ecf3d65cde,1
bd433b99df8f40edbc4265223efe6d63,4a7615309e4fb3c31ebd87a59276f2a5,1
bdd1c0fb70947912d4e42a476eb9b0d3,354c6495da46e719a6f584cd87fde01e,1
bde403ec1074c3bd78013ee19fa2e8d1,1b5aff7ac09d7359d2b01b2c7cc66cbf,1
bdef4c8215c882800a00c95f695bb401,788143ea27b561aa8c6b9fc41221ab25,1
be1616a10f02c35d2e15aaaa93a8c3f4,9da12101aed2c204db6b5a6237ef1282,1
be1616a10f02c35d2e15aaaa93a8c3f4,e99db9536aefbed0716aa07fe8ffe3b5,1
be4281eba675fb8a3481ca6e05ea250e,904b3f768c81f58679680c8d2915b673,1
bf6c0810d622f9545f566975cb0e0cf4,6e1f819bbc44162312dfd0a4e06892b6,1
bfd6e1aa47e5b0a0ae22d8f8396a1ab9,9925be5267d6da43f5390fb9aa31a2d9,1
c0ad33be610ce25177ad2fe989884609,14ba7a74e886145b23664d83b7d84d89,1
c0e8a66d63b2e0ba32b00ba505e18928,ce8076dd357004a4a0f6f8c1693816b2,1
c1a39fc3b527fe9497f563c3153edb56,2e3e7166367d43143785f92890d832c1,1
c1a39fc3b527fe9497f563c3153edb56,51e08f57f0c20cf101ff41c74cefb445,8
c1a39fc3b527fe9497f563c3153edb56,d793826980f118726fee483199e57c2c,2
c1a62791e885658ecf6ff56c1c2ea10d,5a459aad66c38f64d12aafcd168175dd,1
c35a908dafd4c118508ce9eb0569cc76,4712b2c7334ec0c095677f1607123dbf,1
c390b554106a3af2ae3d487ae6fd24dc,c37f778979c595ce3556bd7427273c5d,1
c3a5d65262160689474de2399c09fa2e,84a54899ec7962241edb71e79d5f5487,1
c3fda2b97c8ed084477378603e2dba82,838a4455cccacfe09f65cc001f1dc7ad,1
c4131f6749ecca70d91187f7f918bbe4,65b359b4bf253a97626d88a75b43c0af,1
c43319cc7fd5506a19668961f829f7f5,0aca7e264b563114d6d3a03ed03d567b,1
c4d7c67ecc38970bc0e1bb771403a316,4d1e88bfdb5b3b8b0a30f3615e2104ac,2
c4f568d28438a807b303101897cfdc79,d0c41d1bf596e424dcb82edfb169e680,1
c50110c280bf542054f8aabb029ae251,b52a79373487ffeeac8d9ef123e97c23,1
c6eb01b5fc3321be040eb9df9e82d556,8162a745c4244cbf55fc4c3039677db2,1
c70baebdeceef8341f7b19fb7bd7d37e,08d407daddb98332098f1c22007ea76b,1
c8388d53d7a8fc9ddda61a00a514b82b,06076bee03b035cb460ca9cb680d76f7,1
c9803a3204f450bd852beaa7ae6238f7,aa9840bef70dfcb2f89f2a2021448cf0,1
c99045ea8c88f5ea8b652c3c15374ec7,3e593e549ad4ba544632401bfdd7b4a7,1
c9cb0838c9f127087b879b4c7cc2b698,836079afad2a05332854f57e96d5dfff,1
c9d2fb772a1ced9c24963185d8d8bd69,58884f846c9da68b5cc69b91a7b2b861,1
ca56b325ab88d004acdfa55cc10405a2,c31bda7b7622041ea22a9a47b77c7c45,1
ca7926613c30a2721f8e36bd59d8d7dd,54ce341e20e87eb3648e9d6660385717,1
cb5378c4906fed55bc8847f84ee50b51,041117d6557697cf94da9fdb94e582c9,1
cb5378c4906fed55bc8847f84ee50b51,308ec16a7e8db054f97a6e65b8ec6b86,1
cb54e6e31233d5623d27632468c00b2c,419dc521e712c494a5b61ca6b361806d,1
cbe491d744de72a8c42fbeab669d0639,8776e9d1608e529fe8b363fac92b0510,1
cc7039e470416ad16336c9130a4d33bc,1423163581b5d6d975eb5b9b4abe0de1,1
ce0df2afc316414c89c6c5180c31cb27,16a2ddd70fa277d687c07f6057ef3086,1
cecd08904b4be4f9ed75c7f0915ed0d3,50d186633cacc7ee1b25ffcede1dc8ab,1
cf84e695ab7e73c2313576ae37578b4d,2589e8a95101fd50afc95b548d8d5bf5,1
d033ac5949b30de9fadbf729cf3e7875,0ea3066de0c42c35ab625f4df6fb02b1,1
d040ca4dd9480c73e701b23012795785,40bcc47296c830220b6c70c6c76c6f3f,1
d040ca4dd9480c73e701b23012795785,c64ea82f9b6f398b48d7521e6f7da9be,1
d0d3f8f41241691d5b05d534e4103b16,03aa37723239de235c7cd6a084169f6b,1
d0d3f8f41241691d5b05d534e4103b16,205da74ecb30ef6089bfcd0411e15da6,1
d0d3f8f41241691d5b05d534e4103b16,f35c6b5426ca0afd7e338747751ce6a5,1
d278c9664bbe902101e1509cd4287bff,93aa408a6d5f90b77b51ab21fe2eb31a,1
d34f8eb53100a78a9f2bbc0e2b3e00bb,8d132f16537ad4c00fc22008cb454e06,1
d366dc97f654c3a80951b4666b66b7a4,29cdeab19ed2ede330ab0eda3c1cffd6,1
d36837fdbcd50a930810b4b1f73c3dda,6fd989db3a967f4a516fd53dd4dc0ef9,1
d3f000bac07d6fae19bd7403e8837f56,1e33dac4b849093687d04557f7e25ea5,2
d42e1567297140e08987943bcdcf9be0,ef374e09804593cba35b40604f5fde03,1
d48f3211c1ffccdc374f23139a9ab668,5f863de7185b639dc6a628704ed17484,1
d48f3211c1ffccdc374f23139a9ab668,af49bf330e2cf16e44f0be1bdfe337bd,17
d51307d26c97f4fcc3d2ba4eb729d45a,bc1d06cbf46246d4cef914481310b1ca,1
d58b0c1380be4971ba515f3ac32132d1,623212735b4403edc3a8b07431fb635f,1
d5e5654c4ec9f0d3e4ebcbd5b446bcd4,62b8bd45ac825c1c654a88bc300ea2a4,1
d5e5654c4ec9f0d3e4ebcbd5b446bcd4,da36ff875ac1feb1772a028bb2831bd2,1
d62fa9a605914537760f3566460bd9e6,3822437ddbf508c45c860a0b9e01f6e6,1
d62fa9a605914537760f3566460bd9e6,ec2e53f7896812eeda5276f72820a4fc,1
d62fa9a605914537760f3566460bd9e6,f3def1b8b090d68adfac26e97252e34f,1
d683da6b300c73078c9d9ffd5c121636,5ad697952c9e501d0f4724317cff3cd4,1
d6a7dc1be065a13817dcc2567779aaa9,b5a125e774ab2490e49994d3e7dab9f3,1
d6ab07fe79f35717e523467009e64f9c,7c378b165ffab825f2e74af1d8d853cd,1
d6ab07fe79f35717e523467009e64f9c,db711c79c4200d7e200a4ed692daf50a,1
d77ec687bd3227d121489ec9aa26dcb8,9e53b9beae0d20965e6b19274236220e,2
d808cdc9f9022198be9fcc35a9c97c19,0ced396852b29762df0b401d04467549,1
d808cdc9f9022198be9fcc35a9c97c19,78579bcd9aae69d05ba41f33c1711f2a,2
d8381947ea81db3d77923e6f4d72288f,8a56a22d09ee5f4876fe222b08c6f7bf,1
d8381947ea81db3d77923e6f4d72288f,d5c135a443631388aba60692268a3d09,1
d8381947ea81db3d77923e6f4d72288f,e17ec3e791a0d875e6da7698967b6fb2,2
d8381947ea81db3d77923e6f4d72288f,f918ab1822f2811a9e5838d50a882663,1
d8701209f56ea07674dffe54e2dd1327,8bcbc4ec057fa5a69b01655d8998b7d6,1
d9c1bbbb8811c196d71064dddf0bd4e8,2589e8a95101fd50afc95b548d8d5bf5,1
db3b69cd609521f7d5ecb98d5e79d838,5dd07932b21fc8e9ae70827dc8845b73,1
db4718609eb1c2abb879b2e924a4d91c,b9a96e5f4d4ac8529668ffe6766f2b31,1
dbb9f3404c6a364ac25821d29380d99a,6868113913ae9c432a16566baeb4e6d5,1
dbc7c66f61622f8e6af606012bffc525,7ee4f77308350ca559c58773c522f6c5,1
dbe3f0f3f43a41720e7aacbb303a8059,a55de28c9529967fda7fc051e4e0d452,1
dbe80c75b0a92203d00bf58228fac4b0,2589e8a95101fd50afc95b548d8d5bf5,1
dcf6eb5826f193a83a1612a062dedb96,4796e961d5e083c751a47e1cf8ecdfeb,1
dcf6eb5826f193a83a1612a062dedb96,5f2993458d00f9db31614a2d9d944a6b,1
dcf6eb5826f193a83a1612a062dedb96,98af41cd6edbde9e7a9039f299073de9,1
dd8bd7494325b5fe3098ffebe2a90f56,a905cfe7b1291c5679dde13328aa65f4,1
de05370880e0030847532d2307ed4e8e,4a7615309e4fb3c31ebd87a59276f2a5,1
deac4cab8596937077633f93aa4f9fd1,91980bd52867eb43b03cf2c8fc5c7d40,3
dee0e843d8df9a6a7d8abf7e714c6a11,d2c257f2e3a236c5186fe56d0fe50fd2,1
df75ddcbce8a71ac5a06ef35a40c0591,88004531a4ea7c075776de7b716a7987,2
e00210c62a8139ed19cdb0bce0993166,4a85056009f1c2681e6c2d306dcfb237,1
e009dde6b4e0e413c36f4bf95bc88616,db259541f231f7efa9976af33eed0ea2,1
e0193eacf8ed691fb6d346de2f7499a0,fe2b7f4f9004f50d32ede5b3f202a78f,1
e113a548a27b3c2810563e099966ab9b,06076bee03b035cb460ca9cb680d76f7,1
e16d811459b577e33f0ddcd7993f41f6,af9e72a116bdd5d606afe67a88bb20bb,1
e17391c6ae5fffed222758afc3ac3f23,66a83a69f001945ba6520acbe77195a8,1
e18c79259aac13bf30ee63dcccb857f6,e1a683071f58f26c7c7fc3bdeb64410f,1
e1b1632f911b9363809782b93054a141,b706d90ba0902ee41e075c452429b931,1
e23f4a5da506360475774c1861e25035,a0bcf130e31a8375a477a19abd967ac3,1
e2aa2b3cb2158bf8042f3f0872580ebf,d87c266a68c288f43e8d70f13425bdfc,1
e2d898164ab887e8111f678dfbede880,7f68eeb2934d1c2701173287b23270da,1
e2f65ed126922356067cbce43eb44588,bba20bc99bb41592ac6234ac49121ac2,1
e313f1b268ebe4a50b6e4a4700f13cb1,b706d90ba0902ee41e075c452429b931,1
e359e4724d5392e4788c2fdf0a895041,f353bbd08b6c9d9654cd3bfa93336786,1
e3e29735fc35c1f171df63bea197067f,b828594441ce666e05049a3bffa0e27b,1
e3fb19496f47800ec6a68d89188d4609,74d5644476674e7325746b3cd2a1d4c7,1
e45dea80fe25fa78580230b044913c63,649851eb13cb446531c0142242c610bb,1
e4867818cc858765ee15e81e79242556,84aa7f45a18c3b785d36dbef31b7d69d,1
e54cce188b46b4b4ed6fef3ec3a8847a,3939fa8eca5feaf6d2cffdf2ce5b2e7f,1
e6ff870e8c409df32248ca034eda3628,36cc390e42c7b7da1a9fa7eb4d3c73c1,1
e7859a2d95470c9b88fa74803a318191,64976cc694170add4f9be687de9307ca,1
e7859a2d95470c9b88fa74803a318191,7ea958271103944b8c82cf956d1051cd,1
e821802043fcddfafcaf7972e6d357ad,026146a98377deebacda89ab5af9d825,1
e82d4ced8f7de451385be278f0d10700,07ebcb44c126a7b89d5d99a230368697,1
e855ea7a913960ef099117b8b7095130,5a1afc56a30ec235bb82175b1d558a1e,1
e88001cb050e22db7fa471a3f47d6c9f,0413f9dfa8f6537dfda552ad0825de0d,1
e8b734962d75d85683b1c81d3f152f48,6d5509e633e84e659cbc8b11181e1955,1
e8c3543fb229af8fd1ca973715770c43,d420ed67d4f8927f3ef561d23b60af81,1
e922c5baff16babb68eba19bdc054a9c,b4f3b5305ba56f74b0e0da92150f38b7,1
ea356156b4d220f5d53eddd9d586ce04,c31242b67665e1c9a603d8c6c204ee5d,1
ea35cb86e8dc5ee7ae8bf62248832b64,e1b22c4655a72f069d8860680766e222,1
ea6a8ea1a0690f90e7ca93d689a72e46,0ef2a0dab7fe9517255dd2169fb89d11,1
ea89e8f1c438aeb898ea2b5560a83b90,17e185a5c2d8dc47a1f7a62fbcf206eb,1
eab046f2cc8f09a1db858fe2001d4ddf,d4bd3d642e909156e1e9ed10608ce7ec,1
eabfc40a4ff12515c9fbbd71d26ccfbb,c20d307b52b14e8d3dccf87b0df10030,2
eaca29c3daf8c1d10be1f6718a117458,c6844040ffdd7a865152dc5698085fb4,1
eae8cb5fd6bd3a449365478769ef2cac,4294ddbda2790b2b86f393dd26479c55,1
eb2abc38848b7af8f9ca7dfe7011fb76,c431f1303e28b192eb19e13ed9eaa64f,1
eb528e4eefbac5bb20d2472e780b1dde,a49abbf93e572434d454ad5e5c1aaf09,1
eb528e4eefbac5bb20d2472e780b1dde,c62674fde448c99813940b0d219f8dcb,1
eb528e4eefbac5bb20d2472e780b1dde,dae5352fcd8e9a3e541a99ebc655dfeb,1
eb872146aec56f7c2d49d021c34ad9c4,f3af1b4bed6906c1ccc92f071305a7bb,1
ebc34a27fb50478533999824105744e7,487768eb5dc0f0032d65d55157d72a6c,1
ebc34a27fb50478533999824105744e7,51ce3cddd273655278a993ea2d104d85,1
ebc34a27fb50478533999824105744e7,e979a16bf283ff452220a7baae40b631,1
ec4494c4aa8fa6d64c8039a5036124b3,01739f870ec136dbdd9b77bf99dcc1bc,5
ec7bff3541a0f8e408f0cb091bf1c5de,06076bee03b035cb460ca9cb680d76f7,1
ec8f2afecdc5d87bbd1e148f93293bcf,66a83a69f001945ba6520acbe77195a8,1
ecfe08344632f4c099284e26bac3fbef,c8eda04313b832a04641431e851e5519,1
ed6a31888f3ba1c9284856129b8be2cf,006f74bde2457c4578483384087fad75,1
ede489de23f23100cec246a83c3185cc,9403bc63e05251fdc138ba74833564a7,1
ede5a1814562ce18df703be94ee82f46,7d706acb7107f5f717ca3cfcfe43e001,1
ee950f1c43c7d20214a28972af3fabfa,ac2bedc9799bf8f92227686e9d001423,1
ee950f1c43c7d20214a28972af3fabfa,c190bc22f20d08c83ba1154bb75cdcd4,1
ef99c9957ebcf246969c4fa12bef0c3b,37d8f070df6f139fee385ba3bf5a017a,1
ef99c9957ebcf246969c4fa12bef0c3b,93ff5d1e80d15af954a2732a359ae7de,1
ef99c9957ebcf246969c4fa12bef0c3b,b8501c6d8320994c202f1e6df126cc82,1
ef99c9957ebcf246969c4fa12bef0c3b,e57caf918258e1d54936018023d2bc17,1
efb0690f7072eda316ac0e5b3a5880a5,2611f0f3eff30a3b9a719386555082cf,1
efb0690f7072eda316ac0e5b3a5880a5,df8ca7cc7163bb805c1ea73133397639,1
f0a8152615a8d1709071becfa79aa8d4,340127276deb85db292e00a3c7d17b9b,1
f0eb2e626e991dff62faada27ed2aa27,87279f142e7b1eee97e7e7213332432a,7
f0ef7b6e96fcb0cf2121c55d34845c22,8edbbfe85899d183132ed16c11aa60aa,1
f0ef7b6e96fcb0cf2121c55d34845c22,92e0998c7cb2de6427ab0dfe05fb1ac3,3
f161d4b6cd46325b4a54cd054d9c0a10,d6682bc0da1c0347a9a68332ebebf6d0,1
f1c666073a0d3bebbb9c4274c69e593a,008c11db3113132d53961fb1e691e070,2
f1c666073a0d3bebbb9c4274c69e593a,0774af0263910ef3285ed470ce5ce547,1
f1c666073a0d3bebbb9c4274c69e593a,09240107e1a1b1648bcc9341f1c71585,3
f1c666073a0d3bebbb9c4274c69e593a,246388f8445e7559d53ed2f5802af5fd,1
f1c666073a0d3bebbb9c4274c69e593a,3de3f065fd339e1c29d30e42bc20784f,4
f1c666073a0d3bebbb9c4274c69e593a,454e049fcbc707d12cd3d441e525a5c2,5
f1c666073a0d3bebbb9c4274c69e593a,4d01fba4f4b306b3e8b794d8b5cd759c,2
f1c666073a0d3bebbb9c4274c69e593a,50111de8ef34bb7e20f8682acdb8e218,1
f1c666073a0d3bebbb9c4274c69e593a,54c6912a3861ec6903978f212f1457cd,2
f1c666073a0d3bebbb9c4274c69e593a,70d04f339a4c7202cbc51fe5bba493dc,1
f1c666073a0d3bebbb9c4274c69e593a,86898d64e8cdf6217fbdc508702fdb4f,2
f1c666073a0d3bebbb9c4274c69e593a,8914f493af8d0d79b18165ec31ac7429,1
f1c666073a0d3bebbb9c4274c69e593a,936693b08acb5783ac46805ab1b3d1be,1
f1c666073a0d3bebbb9c4274c69e593a,a221affad5e658370555a7cc377de7c0,1
f1c666073a0d3bebbb9c4274c69e593a,bf11a01270e0151cbe66068acc891ae4,2
f1c666073a0d3bebbb9c4274c69e593a,d5644a8790fb0d5fbafece1b374f4be4,1
f1c666073a0d3bebbb9c4274c69e593a,f1a7b29b05b742b9f1b47aed3a6ef8cd,5
f1d90ea1dc9aad31034d81bd8a1f07d6,6da95b1dad99046abf1f04fc33f6a3ce,1
f22d89e2069cfdba2e636436f0fc108d,3f32fbc90a13f8d1c30ca9d162e77983,1
f253b05d88c8cdc4c623d63221a1f65b,2197b761220b182c05e6fb0722f64dd9,1
f2876c14dc629c243a69e60b69eaa2bd,359cf603849077d775dccefa734a9f76,1
f2b47b90aa1b82082f513cbee5c95ee8,ca0e8e31aaab1cdc11beccb3bca9d479,1
f2d7e83889602a33b83d11d8b9262c72,c103ce0b3bab28b6cdc7dfc8d11eec64,1
f2ea157dfdbb06f5ed1997161d5fdfee,7c8913793b34803c9ff8d73943dcb08f,1
f331c533fa4d108e4c0fcbec071f4ee7,4784709565e30821f03e8cd198c8d7c4,1
f331c533fa4d108e4c0fcbec071f4ee7,944258f4622c48640669acd4f14fb984,1
f3582841c488c4cbfe9f7ac362171aa6,e9c44be1373724a350f99918030a81e0,1
f37d93f41651b3f9d3e1d6e4c8854d43,5e3926affff395b925a11220146007d1,1
f3f0371cb63e8283cdba4b23ebe69f55,9ca573c2344345a9120b6d1b448560e7,4
f451d1fa8045cf2b705478dd56aa7a50,3e5e07f437848e9e587419d3b4df5fed,1
f4e9eb5d27f752c2b0f46efba3433dad,c564ff80254cc97773de5668b397780f,1
f54d6b740edd57e2967cf1919f40b76f,7ae8bf4589cdcd89092908b38ab5792e,1
f633ef3aa0060d73fd4ceb11bd354bf0,d420ed67d4f8927f3ef561d23b60af81,1
f694794dcb8cb2961f299458d258ed9e,c8ac63af49dbdfbdfbbbbf3ef9bf65c9,1
f6b9423ed303cef8cb8abb2e41000366,0f804bd9e42bbfe85dc9bac8ec054e60,1
f6e4a067b1d69df25bfd80fed7bb5e73,e1ba43515236793f8d2b3fd16e763960,1
f70970e2290fee8cf72ffaae5f4daf2a,f30df0d93866be80bc53e79ec0a67bdc,1
f7118687ff7032332b19fe5eb7155558,d9761585fb91412a93dfed6eeae72489,1
f72712b9c9e41cdb54d6e70f65ac9cc9,59bf6ca3a28dde802f514b6ccd102a18,1
f7301b2de0256fa115c88f6a870b8fc7,4976d8d2c5af2224090a1fb29a8b35a2,1
f7e6e8347d240843249fcf582975ccfd,0a98c611d595f16349602a7090971f5a,1
f8bd2735d6bafc8e7b43ebcfd1f45e6f,fce85586af7a0d5e220afbb7d55ffa98,6
f9359bdd08f1c82117e6a8e56b2c565b,8bff37877d0a917a13e0760713e80f2f,1
f9c525ab490cd53299795804c7940ee3,7e1a8ae32cc035012d4f49fed38cad7a,1
fa35d837f4fa7e2b7329136c209bdc1e,9b974f0f1df24f04c5289cfd1c35d17a,1
fae45c51017f302cd9cecc4f251343c7,46dbaa6d4170220aa3674116b934ed85,1
fb301c3ce9f30a029f09b9ec6fd472da,250ff9a4058e9e4214f6946a415ffa09,1
fb9fbe758fddcb2a028281d0e63d6927,3b660cf14bb2b859c3e36947a23eeef1,1
fbdfb68a1ac41540badfa250ef44af05,d525782294bf94f1292467b369211979,4
fc34ae759faf6373769697e30686307e,230908fdc9b2f9255b9bf035701c0c9e,1
fc34ae759faf6373769697e30686307e,81e607cc658ea29b4c92908ae0705d72,1
fc34ae759faf6373769697e30686307e,ab61ec1b461f853a87d53ca5912d9d08,1
fc34ae759faf6373769697e30686307e,d24d59917550ffc7740860147a47fadc,1
fd70538b9d233687484145954e66082c,2eb0e0d825a6ecf23ca75be67fe59810,1
fd880d913e0d9e45a6a4782c60f8d0f1,9237a523c670b6722f9c5b31e429cd4e,1
fdc5c4b8ac222881a885649e70ce0045,adb02a4f1c9cb5deca1cf888a07eed08,10
fe280e95a320537ecb2a79c01260bf1e,34a618a9d7d3c7c3ca973fb5abd9eaa9,1
fe4fe5223df7dcf38631e040fdc6f857,c6ca5766b9e55b872051525681cd68f8,1
ff019590e71ab7455fa3f64a1a02b9b2,06076bee03b035cb460ca9cb680d76f7,1
ffaeeecfa55e10c4ae0bc59e6bdc51e0,27a9d7e256b13c868107592b3781aa04,1
ffda4595fef43512d7ca87856a49bee3,fa6ea9f2fceb6b3006e09e950ae8adeb,1
