id,whs,orderkey,selected_cartontype,box_num,recommended_cartontype,selected_carton,sel_calc_cube,recommended_carton,pack_volume,rec_calc_cube,goods_wght,sku,who,trackingid
0,0,d48f3211c1ffccdc374f23139a9ab668,NONPACK,1,YML,NONPACK,0,YML,2046,108000,0.1,af49bf330e2cf16e44f0be1bdfe337bd,b7325da1af89a46059164618eb03ae38,6c304d5c2815ccd2ba5046c101294c24
1,0,d48f3211c1ffccdc374f23139a9ab668,NONPACK,1,YML,NONPACK,0,YML,2046,108000,0.1,af49bf330e2cf16e44f0be1bdfe337bd,b7325da1af89a46059164618eb03ae38,6c304d5c2815ccd2ba5046c101294c24
2,0,d48f3211c1ffccdc374f23139a9ab668,NONPACK,1,YML,NONPACK,0,YML,2046,108000,0.1,af49bf330e2cf16e44f0be1bdfe337bd,b7325da1af89a46059164618eb03ae38,6c304d5c2815ccd2ba5046c101294c24
3,0,d48f3211c1ffccdc374f23139a9ab668,NONPACK,1,YML,NONPACK,0,YML,2046,108000,0.1,af49bf330e2cf16e44f0be1bdfe337bd,b7325da1af89a46059164618eb03ae38,6c304d5c2815ccd2ba5046c101294c24
4,0,d48f3211c1ffccdc374f23139a9ab668,NONPACK,1,YML,NONPACK,0,YML,2046,108000,0.1,af49bf330e2cf16e44f0be1bdfe337bd,b7325da1af89a46059164618eb03ae38,6c304d5c2815ccd2ba5046c101294c24
5,0,d48f3211c1ffccdc374f23139a9ab668,NONPACK,1,YML,NONPACK,0,YML,2046,108000,0.1,af49bf330e2cf16e44f0be1bdfe337bd,b7325da1af89a46059164618eb03ae38,6c304d5c2815ccd2ba5046c101294c24
6,0,d48f3211c1ffccdc374f23139a9ab668,NONPACK,1,YML,NONPACK,0,YML,2046,108000,0.1,af49bf330e2cf16e44f0be1bdfe337bd,b7325da1af89a46059164618eb03ae38,6c304d5c2815ccd2ba5046c101294c24
7,0,d48f3211c1ffccdc374f23139a9ab668,NONPACK,1,YML,NONPACK,0,YML,2046,108000,0.1,af49bf330e2cf16e44f0be1bdfe337bd,b7325da1af89a46059164618eb03ae38,6c304d5c2815ccd2ba5046c101294c24
8,0,d48f3211c1ffccdc374f23139a9ab668,NONPACK,1,YML,NONPACK,0,YML,2046,108000,0.1,af49bf330e2cf16e44f0be1bdfe337bd,b7325da1af89a46059164618eb03ae38,6c304d5c2815ccd2ba5046c101294c24
9,0,d48f3211c1ffccdc374f23139a9ab668,NONPACK,1,YML,NONPACK,0,YML,2046,108000,0.1,af49bf330e2cf16e44f0be1bdfe337bd,b7325da1af89a46059164618eb03ae38,6c304d5c2815ccd2ba5046c101294c24
10,0,d48f3211c1ffccdc374f23139a9ab668,NONPACK,1,YML,NONPACK,0,YML,2046,108000,0.1,af49bf330e2cf16e44f0be1bdfe337bd,b7325da1af89a46059164618eb03ae38,6c304d5c2815ccd2ba5046c101294c24
11,0,d48f3211c1ffccdc374f23139a9ab668,NONPACK,1,YML,NONPACK,0,YML,2046,108000,0.1,af49bf330e2cf16e44f0be1bdfe337bd,b7325da1af89a46059164618eb03ae38,6c304d5c2815ccd2ba5046c101294c24
12,0,d48f3211c1ffccdc374f23139a9ab668,NONPACK,1,YML,NONPACK,0,YML,2046,108000,0.1,af49bf330e2cf16e44f0be1bdfe337bd,b7325da1af89a46059164618eb03ae38,6c304d5c2815ccd2ba5046c101294c24
13,0,d48f3211c1ffccdc374f23139a9ab668,NONPACK,1,YML,NONPACK,0,YML,2046,108000,0.1,af49bf330e2cf16e44f0be1bdfe337bd,b7325da1af89a46059164618eb03ae38,6c304d5c2815ccd2ba5046c101294c24
14,0,4b33fcc98ea1f59d6fe4eb2e0a48bb4b,STRETCH,1,MYD,STRETCH,0,MYD,3050,15579,0.896,6287a74b664fd8ad4ed5c541b399a82b,2310d9f42adf2d66fb086d4c73d427e4,6672826678229ee7a3de3b84b905fd59
15,0,3e646181f6f708edd3326c1626c12d23,STRETCH,1,YMG,STRETCH,0,YMG,13662,26820,4.4,ef468fa349bb8f058aa5dcd76bda60b2,2310d9f42adf2d66fb086d4c73d427e4,33350ad810725c4a482e3cc9ee1dbdf9
16,0,7047c16a6b7c120162ca3da0ebca43fd,STRETCH,1,MYE,STRETCH,0,MYE,4518,26277,0.7,d714bc5c946ec01d9b09714524805e5c,2310d9f42adf2d66fb086d4c73d427e4,7ed1b5831b995ebca234ead10d4f6cf4
17,0,097917e584151c0c21f205b2c3aafa10,STRETCH,1,YMF,STRETCH,0,YMF,6346,13125,2.078,eb0e661f3ed57ef7ca16418bf50e363e,2310d9f42adf2d66fb086d4c73d427e4,569157f429977b628d3d56ae963f0683
18,0,1d11d793924acefde0b7f2ad149e1b45,NONPACK,1,YMX,NONPACK,0,YMX,21150,46800,6.02,0588e43ea7ad1ef603059269db6467eb,2310d9f42adf2d66fb086d4c73d427e4,53b1e7248be0cb6108a9adf90a5f17ec
19,0,abea12f00a205457b289b2e5c0351e17,NONPACK,1,YMW,NONPACK,0,YMW,7569,18000,6.08,706513014b99aa52bd13b2a59a97d354,2310d9f42adf2d66fb086d4c73d427e4,7c5d5e507ecdea7021edd8c91b4de4fe
20,0,36c08c84db8a36ce66e3893be0efcd81,STRETCH,1,YML,STRETCH,0,YML,65653,108000,3.62,6accb65dc4ee04b8fc99a753dee12fe4,2310d9f42adf2d66fb086d4c73d427e4,5b01b0d45cf5d145718e40caf662a43f
21,0,25ada3fea95cadbcba7b8e6e90ee8ccd,STRETCH,1,YMG,STRETCH,0,YMG,9192,26820,1.087,22ebe748e358c7edde42bad4a7ce430a,2310d9f42adf2d66fb086d4c73d427e4,ea6b3743fc8f083e0e8d881b6bb0e356
22,0,5a5f8c06487c426283b5c58728281647,MYC,1,YMC,MYC,8436,YMC,3456,9000,3.05,cfaca9e7f2bfa618af10f812a3dfef3e,2310d9f42adf2d66fb086d4c73d427e4,9ae03ae65db1cc91382a2f6700c020d2
23,0,213af7f81bd51882398c3b9d2a571c6a,STRETCH,1,NONPACK,STRETCH,0,NONPACK,4800,0,0.46,0eabf1bdc973f7721769ded3747e6ce8,2310d9f42adf2d66fb086d4c73d427e4,52becb808a8be4a52fb42c938674eeb1
24,0,2720e7d0b95df11f3e8c1ba2889dd1a5,MYC,1,MYC,MYC,8436,MYC,2484,8436,3.1,75c21cfa77763ccb8574127dce91078b,2310d9f42adf2d66fb086d4c73d427e4,83938d16f615fad24da129339721074d
25,0,d48f3211c1ffccdc374f23139a9ab668,NONPACK,1,YML,NONPACK,0,YML,2046,108000,0.1,af49bf330e2cf16e44f0be1bdfe337bd,b7325da1af89a46059164618eb03ae38,6c304d5c2815ccd2ba5046c101294c24
26,0,d48f3211c1ffccdc374f23139a9ab668,NONPACK,1,YML,NONPACK,0,YML,2046,108000,0.1,af49bf330e2cf16e44f0be1bdfe337bd,b7325da1af89a46059164618eb03ae38,6c304d5c2815ccd2ba5046c101294c24
27,0,d48f3211c1ffccdc374f23139a9ab668,NONPACK,1,YML,NONPACK,0,YML,2046,108000,0.1,af49bf330e2cf16e44f0be1bdfe337bd,b7325da1af89a46059164618eb03ae38,6c304d5c2815ccd2ba5046c101294c24
28,0,d48f3211c1ffccdc374f23139a9ab668,NONPACK,1,YML,NONPACK,0,YML,2046,108000,0.1,5f863de7185b639dc6a628704ed17484,b7325da1af89a46059164618eb03ae38,6c304d5c2815ccd2ba5046c101294c24
29,0,a763be2ddb7cb12da46be17be5528bee,STRETCH,1,YME,STRETCH,0,YME,18480,40050,4.3,ef7bf24039a47423e252abc269943e2f,6930d2c15840cc712fcfb614f3d9444b,dfad8f14c7d1071b00f2e17c5983aa83
30,0,9f0aee72508c0571284310a3ef43225e,NONPACK,1,NONPACK,NONPACK,0,NONPACK,957,0,0.164,c564ff80254cc97773de5668b397780f,c1ef50c2d16368c7039ca5f842e4cb6d,21504f4b2d035bb063fd0aa7f5024ad0
31,0,f4e9eb5d27f752c2b0f46efba3433dad,NONPACK,1,NONPACK,NONPACK,0,NONPACK,957,0,0.164,c564ff80254cc97773de5668b397780f,c1ef50c2d16368c7039ca5f842e4cb6d,1ac7461dde1ad9af967fa3d25ffa5802
32,0,7972dd0fd2d76dcc9f652ff574a9c316,NONPACK,1,NONPACK,NONPACK,0,NONPACK,957,0,0.164,c564ff80254cc97773de5668b397780f,c1ef50c2d16368c7039ca5f842e4cb6d,0573f3c41959baecaa883abe4ad9f6c5
33,0,1913aa8f0023c18ba8724a234bbc987f,MYE,1,YMX,MYE,26277,YMX,12142,46800,1.618,03792096ffa3e48a6124162e1a2d8275,6930d2c15840cc712fcfb614f3d9444b,dc5fc88c9e75e2f98f56fe6b7eb57554
34,0,2a78ffdcd157d2b4f07f3f40e78fe16e,YMG,1,MYE,YMG,26820,MYE,930,26277,0.723,c6d321c69c7306f28502cd2051c6b66f,218a634223c38f6332549e5962b7ab7c,2d53fe3f9c58c8ef9b0b8fbd9470d548
35,0,2a78ffdcd157d2b4f07f3f40e78fe16e,YMG,1,MYE,YMG,26820,MYE,930,26277,0.723,c6d321c69c7306f28502cd2051c6b66f,218a634223c38f6332549e5962b7ab7c,2d53fe3f9c58c8ef9b0b8fbd9470d548
36,0,2a78ffdcd157d2b4f07f3f40e78fe16e,YMG,1,MYE,YMG,26820,MYE,930,26277,0.723,c6d321c69c7306f28502cd2051c6b66f,218a634223c38f6332549e5962b7ab7c,2d53fe3f9c58c8ef9b0b8fbd9470d548
37,0,2a78ffdcd157d2b4f07f3f40e78fe16e,YMG,1,MYE,YMG,26820,MYE,930,26277,0.723,c6d321c69c7306f28502cd2051c6b66f,218a634223c38f6332549e5962b7ab7c,2d53fe3f9c58c8ef9b0b8fbd9470d548
38,0,2a78ffdcd157d2b4f07f3f40e78fe16e,YMG,1,MYE,YMG,26820,MYE,930,26277,0.723,c6d321c69c7306f28502cd2051c6b66f,218a634223c38f6332549e5962b7ab7c,2d53fe3f9c58c8ef9b0b8fbd9470d548
39,0,2a78ffdcd157d2b4f07f3f40e78fe16e,YMG,1,MYE,YMG,26820,MYE,930,26277,0.723,c6d321c69c7306f28502cd2051c6b66f,218a634223c38f6332549e5962b7ab7c,2d53fe3f9c58c8ef9b0b8fbd9470d548
40,0,7fb087c7a00b9e96f94185e7d52a2969,NONPACK,1,NONPACK,NONPACK,0,NONPACK,5112,0,2.52,d5291922d9d516141e386203e1e7dfc1,c1ef50c2d16368c7039ca5f842e4cb6d,22d50cac0634bd11c9d3094faa208b5a
41,0,69ced4128ac93ab81411723558346f2b,NONPACK,1,NONPACK,NONPACK,0,NONPACK,91476,0,6.0,18586dfd7ff4e3ea64c9e3e0a9a84507,c1ef50c2d16368c7039ca5f842e4cb6d,dd076d48bc0aa54ea0700453c78cc492
42,0,4b79f8a3d3e00e128f5daf1b66e624d7,STRETCH,1,YMX,STRETCH,0,YMX,16791,46800,2.013,912a5423778166c4460d360773e8f8b4,6930d2c15840cc712fcfb614f3d9444b,79780ee9dd6b9b339a80c7fb332d9fa7
43,0,40c33668fe8dba60a8bb0a982d0a993b,NONPACK,2,NONPACK,NONPACK,0,NONPACK,12692,0,9.234,2d6970d51f338bf0cc0a80534baa8ef2,c1ef50c2d16368c7039ca5f842e4cb6d,fd7dd7e958b5262ca04a77f61f691ae8
44,0,40c33668fe8dba60a8bb0a982d0a993b,NONPACK,1,NONPACK,NONPACK,0,NONPACK,12692,0,9.234,2d6970d51f338bf0cc0a80534baa8ef2,c1ef50c2d16368c7039ca5f842e4cb6d,3adb951738e9ada34b629b9496eea3b0
45,0,aa1d5d87d5b9ac1ad8f9f4e9d92770a9,NONPACK,1,NONPACK,NONPACK,0,NONPACK,34185,0,3.2,1b77f3da72e68eef3c8a73c8932d7bf2,c1ef50c2d16368c7039ca5f842e4cb6d,02c5a52e7b9c61a4ebd94ca542256b8c
46,0,8772b0f4c363e4bc4945c999858951f9,NONPACK,1,NONPACK,NONPACK,0,NONPACK,22272,0,2.51,521652f6b877c09701be9b10ce1717e5,aa5e6fe8d1a353e369436d9c521d1253,3e46ff3736ea2a0988b74f9f35a1e7ae
47,0,9a314bcfafa69f833889cdf18f4a2537,STRETCH,1,NONPACK,STRETCH,0,NONPACK,16800,0,12.1,06076bee03b035cb460ca9cb680d76f7,aa5e6fe8d1a353e369436d9c521d1253,dfe919906fb2218b22c0af7c0a66c5e4
48,0,73e12ef3a9b2865296185e02b4ad717d,STRETCH,1,NONPACK,STRETCH,0,NONPACK,16800,0,12.1,06076bee03b035cb460ca9cb680d76f7,aa5e6fe8d1a353e369436d9c521d1253,eeb4d0c6d7018a1815996c07dff26d8c
49,0,1da22e6c5df15ec4fc9a2c291a4392c0,NONPACK,1,NONPACK,NONPACK,0,NONPACK,16800,0,12.1,06076bee03b035cb460ca9cb680d76f7,c1ef50c2d16368c7039ca5f842e4cb6d,e1950c766f6800cfdf5c088ecfff1a59
50,0,2475a47237c0fb0b0147a56b81ffc1a8,NONPACK,1,STRETCH,NONPACK,0,STRETCH,2184,0,0.61,8cbdc0743b20df23b5123094663ab44d,c1ef50c2d16368c7039ca5f842e4cb6d,b2b8f9b8bd55d37823ddb063f0b1613e
51,0,59ff5833bb533928050f23c8b4ed048c,NONPACK,1,MYB,NONPACK,0,MYB,1008,3449,0.15,c603b8a6262c640d265c2fd4ffb8a7a9,2a740e2015262d741bafc6c2b75b0411,08db7bfd4a2c2c8f560f1962d0fa7bac
52,0,2902bcb04a141000e528c154473c0f6f,NONPACK,1,NONPACK,NONPACK,0,NONPACK,13770,0,14.9,bcf061c292e1f966a850601c44d45f18,aa5e6fe8d1a353e369436d9c521d1253,e865cfa9cc72f9b21e638878fe981ab2
53,0,3d29f254b6e5e798d46b56ca17c57a0a,NONPACK,1,NONPACK,NONPACK,0,NONPACK,46953,0,10.8,7db10154ac632e6c39b57980422a9490,c1ef50c2d16368c7039ca5f842e4cb6d,d104d52edd051c85199932dba6e70924
54,0,a706331797f1f4f8daf772adb0419348,NONPACK,1,STRETCH,NONPACK,0,STRETCH,12276,0,10.0,5aa0165b259fa81179229ab8dad91026,c1ef50c2d16368c7039ca5f842e4cb6d,74c438c85fef8a92cf0564dac7af9a44
55,0,237fc0b44786dc3ba11accdd77ad38d0,NONPACK,1,NONPACK,NONPACK,0,NONPACK,1429,0,0.27,baf575535fe7bad0e14035557cc171e2,c1ef50c2d16368c7039ca5f842e4cb6d,dd1e962fc9e4c2d6178eb75686a8a630
56,0,ecfe08344632f4c099284e26bac3fbef,NONPACK,1,NONPACK,NONPACK,0,NONPACK,30114,0,5.547,c8eda04313b832a04641431e851e5519,c1ef50c2d16368c7039ca5f842e4cb6d,f2452f7597d385c311d20779066c02ac
57,0,72e1fb3cf0a77b89b9238af3756cc108,NONPACK,1,NONPACK,NONPACK,0,NONPACK,82150,0,9.37,60c5a9b1fa0e0a01fa15ec54689d6346,c1ef50c2d16368c7039ca5f842e4cb6d,adcd75737f96b733df1a6aea6c90edc0
58,0,20168d775699d7b78b8a133a6b1c757d,NONPACK,2,MYC,NONPACK,0,MYC,1440,8436,0.2,0eaf2e9afe441c57b90210735ecae73b,2a740e2015262d741bafc6c2b75b0411,d76e2b82107fab022fb32f80717753c6
59,0,20168d775699d7b78b8a133a6b1c757d,NONPACK,2,MYC,NONPACK,0,MYC,1440,8436,0.2,0eaf2e9afe441c57b90210735ecae73b,2a740e2015262d741bafc6c2b75b0411,d76e2b82107fab022fb32f80717753c6
60,0,20168d775699d7b78b8a133a6b1c757d,NONPACK,2,MYC,NONPACK,0,MYC,1632,8436,0.36,61b10a4e014e6ab3d1e7f2f631032c01,2a740e2015262d741bafc6c2b75b0411,d76e2b82107fab022fb32f80717753c6
61,0,588ffab8c179d9310b6fddd3513386d7,STRETCH,1,YME,STRETCH,0,YME,18480,40050,4.3,026146a98377deebacda89ab5af9d825,6930d2c15840cc712fcfb614f3d9444b,329f7bda35b21c1f23caef1392f0edfd
62,0,46c39f23ec7f3e6ba6776d01c7edb4b9,NONPACK,8,STRETCH,NONPACK,0,STRETCH,1512,0,0.4,b1db25e57c75bd09f52954a02450c3e7,0d5a07f7ac939ca7a4cc4afe355c7234,cfc14af6d5b5680d6216273d8a88f2a9
63,0,46c39f23ec7f3e6ba6776d01c7edb4b9,NONPACK,5,STRETCH,NONPACK,0,STRETCH,1512,0,0.4,b1db25e57c75bd09f52954a02450c3e7,0d5a07f7ac939ca7a4cc4afe355c7234,b734afbe20aff760f39bc751d874aa78
64,0,46c39f23ec7f3e6ba6776d01c7edb4b9,NONPACK,6,STRETCH,NONPACK,0,STRETCH,1512,0,0.4,b1db25e57c75bd09f52954a02450c3e7,0d5a07f7ac939ca7a4cc4afe355c7234,a8440f45d85a4366cabfca992977790e
65,0,46c39f23ec7f3e6ba6776d01c7edb4b9,NONPACK,7,STRETCH,NONPACK,0,STRETCH,1512,0,0.4,b1db25e57c75bd09f52954a02450c3e7,0d5a07f7ac939ca7a4cc4afe355c7234,c6957ed24e7a191b9f16b98c84660dd5
66,0,46c39f23ec7f3e6ba6776d01c7edb4b9,NONPACK,9,STRETCH,NONPACK,0,STRETCH,1512,0,0.4,b1db25e57c75bd09f52954a02450c3e7,0d5a07f7ac939ca7a4cc4afe355c7234,b7a7b0182aa5c543239c57d099b8510f
67,0,3818d1dda3597431dc5cac198438068e,NONPACK,1,NONPACK,NONPACK,0,NONPACK,6150,0,1.56,17ae76d8cfcbdc695f7b166759dfeeca,806729ddaa35c2e8d23caa6d67f0c257,e6abd256e7ba5b994d799f75c2a6eae1
68,0,b7a89a4cde92a799b25ad6d768d6dda8,NONPACK,2,NONPACK,NONPACK,0,NONPACK,17576,0,9.93,2d590a961d5a86778262a03e68192b32,e71d320c767bebfaaa0132d07e7bb164,bf2acdeaaada7a8756382a3ae75c0a45
69,0,76f0d0224179dbebda434bcba9b099bf,NONPACK,1,NONPACK,NONPACK,0,NONPACK,64350,0,7.9,615e7362a01b425580af36a42d2f8a38,094d644282d8c426463160b1f08bdfe0,4f939f7e75314d1c1627f65d60fc6683
70,0,494db877a881d8fc7970422856e2f258,NONPACK,1,YMX,NONPACK,0,YMX,13980,46800,0.86,37d17d71a635d7e50ac48bdedfd5c8b5,d8fe2ce121c6c5fccb90f3f03f532953,77d8d4479dba2a8279ee1a471099e071
71,0,aef1247a0ca3ea63efa7989da4f485e5,NONPACK,1,STRETCH,NONPACK,0,STRETCH,2894,0,0.668,dc5af81f7744e6ec9d79d47296fd79f4,e71d320c767bebfaaa0132d07e7bb164,bb540a1ebc7704877e38e9b97fec8c75
72,0,df75ddcbce8a71ac5a06ef35a40c0591,NONPACK,6,NONPACK,NONPACK,0,NONPACK,24095,0,8.947,88004531a4ea7c075776de7b716a7987,094d644282d8c426463160b1f08bdfe0,2ce88a686a7d3eb2cc0080a50cba120f
73,0,df75ddcbce8a71ac5a06ef35a40c0591,NONPACK,7,NONPACK,NONPACK,0,NONPACK,24095,0,8.947,88004531a4ea7c075776de7b716a7987,094d644282d8c426463160b1f08bdfe0,8b02d4f9609648bd7ba7cc3d2352ff1a
74,0,f54d6b740edd57e2967cf1919f40b76f,NONPACK,2,NONPACK,NONPACK,0,NONPACK,19856,0,8.085,7ae8bf4589cdcd89092908b38ab5792e,c49724b464b53e7a5a2ea6e01f2a5e09,e5fb2b0e1a2070ef808fa109b148d0f1
75,0,a88261a9bb5b1aeafe5e461c1d79e0b9,NONPACK,1,STRETCH,NONPACK,0,STRETCH,57456,0,0.87,0634a3ce6b2050c539818c4af4b23ee3,bb92ab812139977ce1318c81a67d7f30,d1e5f00c56af6ce470083556dfab2581
76,0,c50110c280bf542054f8aabb029ae251,MYE,1,YME,MYE,26277,YME,6080,40050,0.9,b52a79373487ffeeac8d9ef123e97c23,56a057a739b8a75b33eeddf8bfd7dc42,2464d0bfe031cc76137b8f58ca0a2904
77,0,12ad824771267cafbad0079f6e8c9da1,NONPACK,1,YML,NONPACK,0,YML,24600,108000,5.95,7436d58bee70eaf9ac28d3aa2c084e2a,d8fe2ce121c6c5fccb90f3f03f532953,b4626b745048fef49fd3ae5b441cb526
78,0,66384bcb79a22a73c8127ab6b557bddb,NONPACK,1,YMW,NONPACK,0,YMW,8617,18000,5.943,78a5b49b9a132e43a6535d6e1de814c5,d8fe2ce121c6c5fccb90f3f03f532953,4389c408f9eefa66aa9f6a4d3128642f
79,0,f2ea157dfdbb06f5ed1997161d5fdfee,NONPACK,1,NONPACK,NONPACK,0,NONPACK,76880,0,25.0,7c8913793b34803c9ff8d73943dcb08f,094d644282d8c426463160b1f08bdfe0,b6c2f8c8e6c4e4e4c7de4dadfb7c83e8
80,0,808a20d627cf1cd36b2f7857ca50dc9c,NONPACK,1,STRETCH,NONPACK,0,STRETCH,9048,0,2.224,e8749809dab4a55b560a0a2082c89be0,c49724b464b53e7a5a2ea6e01f2a5e09,f8a7cef2e25a22bd3584df718be6d4a6
81,0,b39ea1c8dd0556db332e342ad32c9ccc,NONPACK,1,NONPACK,NONPACK,0,NONPACK,22050,0,14.0,7edae4c0453d36ca663b0fee1ecb36be,e71d320c767bebfaaa0132d07e7bb164,d5eed21ff163086f2e1a1c2f823f034d
82,0,8c0d649d1281032e80a18660e69fd2ad,NONPACK,1,NONPACK,NONPACK,0,NONPACK,22050,0,14.0,7edae4c0453d36ca663b0fee1ecb36be,e71d320c767bebfaaa0132d07e7bb164,6854156f54dd84c56075b324535121fe
83,0,76fb51bd24ae48159abaf54d3c78eca0,NONPACK,1,NONPACK,NONPACK,0,NONPACK,15000,0,8.0,df068a1e466c91edb09750b174c4a640,c1ef50c2d16368c7039ca5f842e4cb6d,cea22cfa6b44fc038d08c74893b73f64
84,0,f451d1fa8045cf2b705478dd56aa7a50,NONPACK,1,NONPACK,NONPACK,0,NONPACK,65598,0,15.0,3e5e07f437848e9e587419d3b4df5fed,e71d320c767bebfaaa0132d07e7bb164,23e36687134a0f44e03b507f506b8b3e
85,0,527082ca5f2a76a94b788fd9950371b6,NONPACK,1,NONPACK,NONPACK,0,NONPACK,16800,0,12.1,06076bee03b035cb460ca9cb680d76f7,e71d320c767bebfaaa0132d07e7bb164,0a1b87a3a4829169e4c12bbb6d8c1d1e
86,0,33cb26639231b0ac149304ac64cec072,NONPACK,1,NONPACK,NONPACK,0,NONPACK,16800,0,12.1,06076bee03b035cb460ca9cb680d76f7,e71d320c767bebfaaa0132d07e7bb164,32b0e3bbcefcffde7cd906cf2b436e46
87,0,3808cec353a3c644c0c85416ea431713,NONPACK,1,NONPACK,NONPACK,0,NONPACK,16800,0,12.1,06076bee03b035cb460ca9cb680d76f7,e71d320c767bebfaaa0132d07e7bb164,1c137547d715d67d0fbed94004581054
88,0,56e11e57c44e052ffe3160090111b2fa,NONPACK,1,NONPACK,NONPACK,0,NONPACK,16800,0,12.1,06076bee03b035cb460ca9cb680d76f7,e71d320c767bebfaaa0132d07e7bb164,1dc91f4605427484e1e938ee7e40c98c
89,0,610704febafc366a25b26d12d864377e,NONPACK,1,NONPACK,NONPACK,0,NONPACK,16800,0,12.1,06076bee03b035cb460ca9cb680d76f7,e71d320c767bebfaaa0132d07e7bb164,7080afea65f6f3bd1e1d999e82171f15
90,0,5a9ada77f8661b95e60cf1f8696f753c,NONPACK,1,NONPACK,NONPACK,0,NONPACK,16800,0,12.1,06076bee03b035cb460ca9cb680d76f7,e71d320c767bebfaaa0132d07e7bb164,1b29c7e955461aaf99f08f9525d857ba
91,0,ec7bff3541a0f8e408f0cb091bf1c5de,NONPACK,1,NONPACK,NONPACK,0,NONPACK,16800,0,12.1,06076bee03b035cb460ca9cb680d76f7,094d644282d8c426463160b1f08bdfe0,63404e60d57c33a90b4397fb15040aca
92,0,5be01b7eefaa1b4fc0f28564893cc616,NONPACK,2,NONPACK,NONPACK,0,NONPACK,10195,0,6.048,3e42fe027d635353ec4a0e27e144e566,c1ef50c2d16368c7039ca5f842e4cb6d,8e37228d32cdea49be9d7aa960fdfffb
93,0,20b6bb43a07ab28f5ea2f35308f453f3,NONPACK,1,STRETCH,NONPACK,0,STRETCH,19957,0,1.543,902c200253d19ce441b1713c1dac063c,c49724b464b53e7a5a2ea6e01f2a5e09,48750cac6cfc24c21042d2ed6b1803e6
94,0,a1779c2c4f555e9b256cf9cc30180cac,STRETCH,1,NONPACK,STRETCH,0,NONPACK,36000,0,1.51,201012d4d01e952806065bf355db4ec1,e71d320c767bebfaaa0132d07e7bb164,d893daa81a75000fdee8bf3afe1543e1
95,0,bf6c0810d622f9545f566975cb0e0cf4,NONPACK,1,NONPACK,NONPACK,0,NONPACK,37920,0,13.19,6e1f819bbc44162312dfd0a4e06892b6,c1ef50c2d16368c7039ca5f842e4cb6d,55ac83028708bcdc518a9efca71d6797
96,0,c0e8a66d63b2e0ba32b00ba505e18928,NONPACK,1,NONPACK,NONPACK,0,NONPACK,10098,0,9.333,ce8076dd357004a4a0f6f8c1693816b2,c1ef50c2d16368c7039ca5f842e4cb6d,6b4c77bb9aa32a3c8a94eeb755573744
97,0,d6a7dc1be065a13817dcc2567779aaa9,NONPACK,1,NONPACK,NONPACK,0,NONPACK,53067,0,11.2,b5a125e774ab2490e49994d3e7dab9f3,c49724b464b53e7a5a2ea6e01f2a5e09,44e3408e6d97b9ec501bcfff98ee3f50
98,0,0049e38b3ee32d2dad52405e217c6dd2,NONPACK,1,NONPACK,NONPACK,0,NONPACK,2304,0,0.435,04444811d5ed0d4bd4ca154acdbc1bd2,e71d320c767bebfaaa0132d07e7bb164,91e73e72f64d04d985dd409f11a73f67
99,0,459d77b1036abdd48fc9de2cc73269ef,NONPACK,1,NONPACK,NONPACK,0,NONPACK,20358,0,5.2,7155e9c0e349da41852c41e6c02c34cb,c49724b464b53e7a5a2ea6e01f2a5e09,8bb0938a3ff22493bd4ebffb3012d9c7
100,0,3c0a4c12b5d4d3223dfaf194f546adba,NONPACK,1,NONPACK,NONPACK,0,NONPACK,12920,0,2.2,b9e4929f0949436c5e4bca49001f5f0e,e71d320c767bebfaaa0132d07e7bb164,325b3e78b40618bf7accbccbf155f89e
101,0,022421bae1e146fd3cc2ea19325a9522,NONPACK,1,NONPACK,NONPACK,0,NONPACK,30888,0,10.08,e28cb87afb386a37aecc83497925d05b,e71d320c767bebfaaa0132d07e7bb164,1afc1cf1e4beb632dbc0cbf93bfec380
102,0,e855ea7a913960ef099117b8b7095130,NONPACK,1,NONPACK,NONPACK,0,NONPACK,14751,0,8.164,5a1afc56a30ec235bb82175b1d558a1e,aa5e6fe8d1a353e369436d9c521d1253,f0e0e77709dc5cdbef9d062d2f8d0a8d
103,0,5953ea55c1400f49a0014c9436a15e77,NONPACK,1,NONPACK,NONPACK,0,NONPACK,13859,0,8.453,de2e64d2d2171c2c905de2c2cd220c39,806729ddaa35c2e8d23caa6d67f0c257,719d2b855842ef34fbd677ba2ec468c9
104,0,14ebf330c2b6f2b961c44d8aef684787,NONPACK,1,NONPACK,NONPACK,0,NONPACK,131130,0,9.2,e9628e7c4ac7b3ac8d4e7d568a8afd59,e71d320c767bebfaaa0132d07e7bb164,f336cb9937b8820f3d3d793e5e96d8c6
105,0,0f489755c658e890bfd405327298525d,MYE,2,YMW,MYE,26277,YMW,14703,18000,0.3,d0c68322e37b29e48acd9b0da80b1ac4,702b8d8b848048d3f5946e72195fd535,0a48b2da84eb66155246ee55e778cfe1
106,0,f70970e2290fee8cf72ffaae5f4daf2a,NONPACK,1,NONPACK,NONPACK,0,NONPACK,14700,0,3.5,f30df0d93866be80bc53e79ec0a67bdc,094d644282d8c426463160b1f08bdfe0,813b54be91022e91cd511c3e54ee5582
107,0,ac13afee1940d30d202d0cd2b11365e3,NONPACK,1,NONPACK,NONPACK,0,NONPACK,49116,0,18.111,b780526e59cf54ad95332bb9c6e7e1ff,e71d320c767bebfaaa0132d07e7bb164,3d87d2b1b8b26e5eb3f16509d8850cef
108,0,d3f000bac07d6fae19bd7403e8837f56,NONPACK,2,NONPACK,NONPACK,0,NONPACK,13600,0,9.3,1e33dac4b849093687d04557f7e25ea5,c1ef50c2d16368c7039ca5f842e4cb6d,340cb2f1c6d534b5eb9d8d6604ede47a
109,0,d3f000bac07d6fae19bd7403e8837f56,NONPACK,1,NONPACK,NONPACK,0,NONPACK,13600,0,9.3,1e33dac4b849093687d04557f7e25ea5,c1ef50c2d16368c7039ca5f842e4cb6d,d7afa411e356e6b7b2be6dd18cf5ee12
110,0,a35e0f0033936fa5b1d340f37e5332a2,NONPACK,1,STRETCH,NONPACK,0,STRETCH,10640,0,0.4,4a9ae9cd6f901e6cbd04e1d28d5b63fb,0d5a07f7ac939ca7a4cc4afe355c7234,4ab1a53d8eb633054bdfc031dbe8316f
111,0,a35e0f0033936fa5b1d340f37e5332a2,NONPACK,2,STRETCH,NONPACK,0,STRETCH,10640,0,0.4,4a9ae9cd6f901e6cbd04e1d28d5b63fb,0d5a07f7ac939ca7a4cc4afe355c7234,483bffe02d675edc4402062a5aaf67ed
112,0,ab2f8b9c0a7882dde7881fe12bae8445,STRETCH,1,NONPACK,STRETCH,0,NONPACK,35166,0,5.465,cb61d049c5816b1df4d513d06890fc8d,e71d320c767bebfaaa0132d07e7bb164,e6ce982b8f44f12e909965c34bc84895
113,0,42fa8ba40c88bdfbead0ee8b6df98eb5,NONPACK,2,YML,NONPACK,0,YML,17220,108000,1.216,bbd4645a5c864c9085f839437782d0bd,702b8d8b848048d3f5946e72195fd535,06c6db491b4fc6bbc3cffd90615663f1
114,0,0df4a06d2b28935507fee2fc075e1d7f,NONPACK,1,NONPACK,NONPACK,0,NONPACK,6156,0,0.98,4697fa12e142b48580f7988d2da027b3,c49724b464b53e7a5a2ea6e01f2a5e09,0a16e6b01fbf3961255cb4eaa5ddaed1
115,0,ec4494c4aa8fa6d64c8039a5036124b3,NONPACK,5,NONPACK,NONPACK,0,NONPACK,32844,0,1.11,01739f870ec136dbdd9b77bf99dcc1bc,0d5a07f7ac939ca7a4cc4afe355c7234,771e1829900d9b14ffbc2f63e93dcddb
116,0,ec4494c4aa8fa6d64c8039a5036124b3,STRETCH,4,NONPACK,STRETCH,0,NONPACK,32844,0,1.11,01739f870ec136dbdd9b77bf99dcc1bc,0d5a07f7ac939ca7a4cc4afe355c7234,f349e4b048ef9ff338ba3d3de9404fe0
117,0,ec4494c4aa8fa6d64c8039a5036124b3,STRETCH,2,NONPACK,STRETCH,0,NONPACK,32844,0,1.11,01739f870ec136dbdd9b77bf99dcc1bc,0d5a07f7ac939ca7a4cc4afe355c7234,72238d485d35c1639a1714908ff3a1d3
118,0,ec4494c4aa8fa6d64c8039a5036124b3,NONPACK,6,NONPACK,NONPACK,0,NONPACK,32844,0,1.11,01739f870ec136dbdd9b77bf99dcc1bc,0d5a07f7ac939ca7a4cc4afe355c7234,faeaaceed2f05247115a97cb890bab3c
119,0,4796818d83a1c2cde7b412bff8533d67,NONPACK,1,NONPACK,NONPACK,0,NONPACK,32013,0,15.3,1d73148317625c98399f6361ea9cd9e5,c1ef50c2d16368c7039ca5f842e4cb6d,c571de65fdf1d081da84dacbace9e6ab
120,0,20168d775699d7b78b8a133a6b1c757d,NONPACK,2,MYC,NONPACK,0,MYC,1632,8436,0.36,61b10a4e014e6ab3d1e7f2f631032c01,2a740e2015262d741bafc6c2b75b0411,d76e2b82107fab022fb32f80717753c6
121,0,20168d775699d7b78b8a133a6b1c757d,NONPACK,2,MYC,NONPACK,0,MYC,1632,8436,0.36,61b10a4e014e6ab3d1e7f2f631032c01,2a740e2015262d741bafc6c2b75b0411,d76e2b82107fab022fb32f80717753c6
122,0,b9df7eb2277bcb2fd5da64f868f84bd4,NONPACK,1,NONPACK,NONPACK,0,NONPACK,24288,0,2.7,24ec27bbbfbca7f4eecc06d00bbecd8a,c49724b464b53e7a5a2ea6e01f2a5e09,79c761522c55768abdb4ccd9709d7188
123,0,b9d73c2ea42d5b2e883eaf2a0a407613,NONPACK,1,NONPACK,NONPACK,0,NONPACK,24288,0,2.7,24ec27bbbfbca7f4eecc06d00bbecd8a,c49724b464b53e7a5a2ea6e01f2a5e09,f21617a28f4850615ea1c2bc215c0978
124,0,e359e4724d5392e4788c2fdf0a895041,NONPACK,1,NONPACK,NONPACK,0,NONPACK,35166,0,5.465,f353bbd08b6c9d9654cd3bfa93336786,e71d320c767bebfaaa0132d07e7bb164,05ab1d5bce959eb0c5c4cfc707116f5f
125,0,8117f1b08a1e0e0fc8c1957ad296d5a2,NONPACK,2,NONPACK,NONPACK,0,NONPACK,40500,0,5.0,c99625241920878d0bf4996e78632b95,c49724b464b53e7a5a2ea6e01f2a5e09,5a94807f5f281c725d5113ade6bd7448
126,0,95c248b8dff3e64cced497cb45596346,MYC,1,MYC,MYC,8436,MYC,2156,8436,0.6,ad5fc8e655f3ad2f5d94661f80518c6f,6930d2c15840cc712fcfb614f3d9444b,b4071c52b0b4639c609cf0807ccad64c
127,0,8a441f1b328541c7b65f97d45acbaf58,NONPACK,1,NONPACK,NONPACK,0,NONPACK,8449,0,0.8,3de7fa3f32a78f8e7757ba9c48637a8e,094d644282d8c426463160b1f08bdfe0,e9e6d446b9d658f245c97db19fb883f0
128,0,697bc0759d93e89ca047e59b8b7459dd,YME,1,YML,YME,40050,YML,636,108000,0.271,45a12fc8954297bebfea4c8ac34a5f67,a968ee3e4774e46c02e041d4053c3bd8,252721d11042b77d5ea017124d34e48e
129,0,bd182780daa911672828d8515b7ebba8,YMA,1,YMA,YMA,3705,YMA,575,3705,0.475,8de5234427aa2fe864d1b4ecf3d65cde,05ee9fd26475f915e1e4fb676d75c2d1,71397eb02da933c510a2af828142707c
130,0,49b16c00343c611f66b59ca6019aacb7,NONPACK,2,STRETCH,NONPACK,0,STRETCH,5482,0,1.048,c6132928cba6b44adc82ceda7e3690fa,0d5a07f7ac939ca7a4cc4afe355c7234,04cfe0d9525f0815092bffc33f0e2d16
131,0,49b16c00343c611f66b59ca6019aacb7,STRETCH,3,STRETCH,STRETCH,0,STRETCH,5482,0,1.048,c6132928cba6b44adc82ceda7e3690fa,0d5a07f7ac939ca7a4cc4afe355c7234,3d67e3d5c6dc19f916c730ecce78dfc1
132,0,6f734dbc6f29cf2ddf98577d283d2c95,NONPACK,1,NONPACK,NONPACK,0,NONPACK,47104,0,7.5,27d45461c660b8dc4dd80c1cd268ed8f,806729ddaa35c2e8d23caa6d67f0c257,2a1c0343d3ff6bb6a2e1ea1c7ccfbc40
133,0,ce0df2afc316414c89c6c5180c31cb27,STRETCH,2,NONPACK,STRETCH,0,NONPACK,13230,0,1.96,16a2ddd70fa277d687c07f6057ef3086,0d5a07f7ac939ca7a4cc4afe355c7234,661d61270e98174f14c38601859bf74d
134,0,819d95717a885fd2cb2647f4fb9a8c99,STRETCH,1,NONPACK,STRETCH,0,NONPACK,5112,0,2.52,d5291922d9d516141e386203e1e7dfc1,0d5a07f7ac939ca7a4cc4afe355c7234,22ee5a6a809d2c45a71063f90eb56fc0
135,0,a1eba628e906b9d5772c58029878bdc7,NONPACK,1,NONPACK,NONPACK,0,NONPACK,24997,0,2.55,3c2a559966c769e6dbf13f85cf6a4e8d,806729ddaa35c2e8d23caa6d67f0c257,46efaf74435333225a8f7e8e6fcd88ae
136,0,ea356156b4d220f5d53eddd9d586ce04,NONPACK,1,STRETCH,NONPACK,0,STRETCH,5208,0,0.53,c31242b67665e1c9a603d8c6c204ee5d,806729ddaa35c2e8d23caa6d67f0c257,0e77580565e9579bbe15e3b5b94dffa8
137,0,4ce6d02d88db985417cc00761bab9cdc,NONPACK,1,NONPACK,NONPACK,0,NONPACK,11492,0,0.97,d04d0a85309b5e22b911cc9ecd87e728,806729ddaa35c2e8d23caa6d67f0c257,fb77eb1912e33e352840087cc57743cf
138,0,822b42bb93aeaf02b4dd9b2a8a252437,STRETCH,1,MYC,STRETCH,0,MYC,3134,8436,0.927,2e20a64064c24502971210e687816902,6930d2c15840cc712fcfb614f3d9444b,964e7fc7650240fb81baad6088abb1b6
139,0,f9359bdd08f1c82117e6a8e56b2c565b,NONPACK,1,NONPACK,NONPACK,0,NONPACK,17388,0,0.74,8bff37877d0a917a13e0760713e80f2f,e71d320c767bebfaaa0132d07e7bb164,77e0c8ae2ce5358f6f182decdd98cba2
140,0,7e91807a47ab3406125d4879a65b8db7,NONPACK,1,NONPACK,NONPACK,0,NONPACK,14144,0,9.8,3cea025ba722b1ccef983ac6d50c09f0,e71d320c767bebfaaa0132d07e7bb164,fa302cce7230e3d6f163f6985d95fd53
141,0,69d65722fa3ad448fe01a494025c1e73,NONPACK,1,STRETCH,NONPACK,0,STRETCH,17030,0,0.908,463c7644f0cdabd81076467c5f86a519,c1ef50c2d16368c7039ca5f842e4cb6d,7755515365e27ef4fe07831914a8a509
142,0,a6302626c44498b84afc6633f0091c79,MYB,1,MYC,MYB,3449,MYC,1400,8436,0.6,4a8d512b0e7dd622e565f9b57eeffd96,05ee9fd26475f915e1e4fb676d75c2d1,8f731179717c95c524f2e71d0fe81568
143,0,3f75cdc1c0eb00c1ee81a8c4541fca67,NONPACK,1,STRETCH,NONPACK,0,STRETCH,36176,0,5.54,b967fbd19ab61b7389841c31961b2489,c49724b464b53e7a5a2ea6e01f2a5e09,50416286cae51d2ece08631ba59baf74
144,0,1c93d139005aa107c11574b61e2fb67d,NONPACK,1,NONPACK,NONPACK,0,NONPACK,17112,0,12.21,af5fcdfe425a3681c4cac618430b11b6,c1ef50c2d16368c7039ca5f842e4cb6d,f72b1de0f6152b0bfbbd1e7a939a96c0
145,0,c4f568d28438a807b303101897cfdc79,NONPACK,1,NONPACK,NONPACK,0,NONPACK,16368,0,12.86,d0c41d1bf596e424dcb82edfb169e680,c1ef50c2d16368c7039ca5f842e4cb6d,0cbbc3eba1a9fbb8bdcb704695d80db6
146,0,740518a1ca7fd5dc2604e4ce9c7fe85b,NONPACK,1,NONPACK,NONPACK,0,NONPACK,5103,0,1.4,d6af887b5b191b97d632906110c6f99e,094d644282d8c426463160b1f08bdfe0,5a4e4cbaa642a65437e1220ca89c33bc
147,0,db4718609eb1c2abb879b2e924a4d91c,NONPACK,1,NONPACK,NONPACK,0,NONPACK,26892,0,2.5,b9a96e5f4d4ac8529668ffe6766f2b31,094d644282d8c426463160b1f08bdfe0,4ae5a634a94354461b0ab5378c6937fc
148,0,893fce692e488f806a82ec3410f3c1a6,NONPACK,1,NONPACK,NONPACK,0,NONPACK,63000,0,15.3,8cfbe66f401ffe9a6d9fb3b8a94604fc,094d644282d8c426463160b1f08bdfe0,7a90498c4df29f6b893f91e0978b274d
149,0,18d0771630f71a099abb09d93e6b325e,NONPACK,1,NONPACK,NONPACK,0,NONPACK,58344,0,9.45,8c69859f79406fcde2129972073ec873,c49724b464b53e7a5a2ea6e01f2a5e09,add0cdcad8a3dc2479b99e93dbdfd43b
150,0,9abdf0a280777b2767fb17792ff2b81a,STRETCH,1,STRETCH,STRETCH,0,STRETCH,4864,0,2.1,78b8d7e59a809e5f5746e56ee13cffc2,c49724b464b53e7a5a2ea6e01f2a5e09,15939be6f36e00e7f332aca47ef68ec4
151,0,4e490b92936473683f4c11062e23a065,NONPACK,1,NONPACK,NONPACK,0,NONPACK,20316,0,1.892,22db0318ecb7a081086136b65482f095,094d644282d8c426463160b1f08bdfe0,12a992457305f93adf8639693864fb22
152,0,b05bd1f0dccfd6317f16b251f5ff0253,NONPACK,2,NONPACK,NONPACK,0,NONPACK,4608,0,1.2,2d244ba984070c9879b53ba1363066b1,e71d320c767bebfaaa0132d07e7bb164,f0f0bbc0dd20677ae8faf1482bcf48e7
153,0,76ead42acc93243004583bd6ce9ac04c,MYA,1,MYA,MYA,998,MYA,462,998,0.02,c36811e9a3586e44663a50661ed21a26,6930d2c15840cc712fcfb614f3d9444b,82342fa8d1da6aecbae6388ee6ff0fbd
154,0,869feb74f3045d9ab14c8fba6987f41a,NONPACK,4,NONPACK,NONPACK,0,NONPACK,17600,0,0.75,2ae7a054de2b06402837bca5e75cb572,094d644282d8c426463160b1f08bdfe0,bd45d5a88bc3b80b9e522923818d57ad
155,0,869feb74f3045d9ab14c8fba6987f41a,NONPACK,3,NONPACK,NONPACK,0,NONPACK,17600,0,0.75,2ae7a054de2b06402837bca5e75cb572,0d5a07f7ac939ca7a4cc4afe355c7234,b8b1b929db80e863e8ea01c4262a8ab1
156,0,533897c0f943b1bfe0b8cf7702557b6c,NONPACK,1,NONPACK,NONPACK,0,NONPACK,30780,0,2.035,f3ea168f52d222fb094bab6369a6ed6e,e71d320c767bebfaaa0132d07e7bb164,968a2f5296995d0646ae0da4048c30b3
157,0,e23f4a5da506360475774c1861e25035,STRETCH,1,NONPACK,STRETCH,0,NONPACK,28080,0,3.9,a0bcf130e31a8375a477a19abd967ac3,094d644282d8c426463160b1f08bdfe0,bdb8ba70eb0f12ff8c8e48ce578b9fba
158,0,037c41d1674ff85f03d5b69236058e5c,STRETCH,1,NONPACK,STRETCH,0,NONPACK,28080,0,3.9,a0bcf130e31a8375a477a19abd967ac3,0d5a07f7ac939ca7a4cc4afe355c7234,4fb46c764ae72d2635575aed8c2e125b
159,0,6a882af8cc4d74a89401293141aa28f0,MYC,1,YMC,MYC,8436,YMC,4050,9000,1.41,454570b1c9d5679487c83e81876b499f,6930d2c15840cc712fcfb614f3d9444b,6b454dd28dd98b128d8af8b4e0ee85c6
160,0,6bf2db7ff4eb93b10f1373cc56e85e95,MYC,1,YMA,MYC,8436,YMA,1136,3705,0.832,dbfa55811d5df30597b29ffac9b372d7,05ee9fd26475f915e1e4fb676d75c2d1,b229a943380de5f49638be8c64e85b55
161,0,3344713e11ca494b34727c98439da8b3,NONPACK,1,NONPACK,NONPACK,0,NONPACK,32400,0,1.3,b4c71d5ab9012fb302483664fafcb7a4,094d644282d8c426463160b1f08bdfe0,38d6ecf4498249109e18d425bd8d795d
162,0,521304995892b05ab035ed026a40f624,STRETCH,1,STRETCH,STRETCH,0,STRETCH,1250,0,1.5,e0ded3ab0816539dbbdb82bb06a73917,0d5a07f7ac939ca7a4cc4afe355c7234,832cc65bcaff32b800494805aa1a607c
163,0,9d5921be8562dc55e99b55418477f166,NONPACK,1,NONPACK,NONPACK,0,NONPACK,35700,0,2.17,47b76c97ec86fa01657e7a263940283e,e71d320c767bebfaaa0132d07e7bb164,c2a39d1f5a0260899b855054aca26ed0
164,0,9a0d53bf1c7575c6f32a0ded7500c9fc,STRETCH,1,NONPACK,STRETCH,0,NONPACK,25000,0,2.0,6502d420cef1ae69b45d5e10da8972a3,e71d320c767bebfaaa0132d07e7bb164,e2f46950e69e799d6b7035c13c5340c5
165,0,7a0129a7ab752ef325aab46e234b3ede,NONPACK,1,NONPACK,NONPACK,0,NONPACK,24537,0,3.102,2d718ba04113894c72e7949b6e439f80,094d644282d8c426463160b1f08bdfe0,1f31c0c93287b3b43a94b817b9a1475e
166,0,188e31a1cf57df4556c4cc687d574f1b,STRETCH,1,NONPACK,STRETCH,0,NONPACK,14252,0,10.192,95db5cb8760c4453ce95a208b1b3c4ff,c49724b464b53e7a5a2ea6e01f2a5e09,408b72a59c96942004857377635d4885
167,0,12a08dd5869a1abc64d825c165afc9c2,NONPACK,3,NONPACK,NONPACK,0,NONPACK,17955,0,9.45,7f09eeeb1982a7ceb04c78c01789eac2,c1ef50c2d16368c7039ca5f842e4cb6d,1e5c8de9d013143c1cc894b62ecc6222
168,0,4edc80e7d7d3d1916c80cb96fc506679,NONPACK,1,NONPACK,NONPACK,0,NONPACK,41184,0,6.8,b606115b486443b35df59bfe059a563a,e71d320c767bebfaaa0132d07e7bb164,951d74fd2f82464c3d276e699afdb316
169,0,88126f34544fad53fca5fa53c75c80c9,MYB,1,YMA,MYB,3449,YMA,678,3705,0.451,240a42cc0041dbc4c556ff4bc8aca45c,05ee9fd26475f915e1e4fb676d75c2d1,62d8255be7598a200f867ec49a0ab4a9
170,0,6c19b56c6b49bbc71a56ffb725922285,NONPACK,1,STRETCH,NONPACK,0,STRETCH,40768,0,0.67,1bc8b3eeddcb9243206a59a1a842f8bf,c49724b464b53e7a5a2ea6e01f2a5e09,4da7eb89680e8ca53c4f867ef6577dbd
171,0,67fe4827436e99b921b5408794eda6da,MYA,1,MYA,MYA,998,MYA,70,998,0.01,15936af31003de46b82f8e8cbfe39479,05ee9fd26475f915e1e4fb676d75c2d1,159536a746f652ac2d804d057e5b648b
172,0,682e0197873d59963781914e191fb9bb,MYA,1,MYA,MYA,998,MYA,70,998,0.01,15936af31003de46b82f8e8cbfe39479,05ee9fd26475f915e1e4fb676d75c2d1,5fc692b13b7c289c29bead3d9d0404fc
173,0,aeedf37ec758d63f60ec735d1480ec0b,NONPACK,2,STRETCH,NONPACK,0,STRETCH,17600,0,10.0,1ca27d09ab2630f9ec64c278d68dec9e,c49724b464b53e7a5a2ea6e01f2a5e09,649dd9b34f83a173dba95b7b1708d133
174,0,8226fc575800298ba7f630939d4da2b7,STRETCH,1,STRETCH,STRETCH,0,STRETCH,15360,0,0.29,4aa0226b602ac7f30442de7b52817115,0d5a07f7ac939ca7a4cc4afe355c7234,1458bbb9e84f5934518c93195c92dbb6
175,0,25ab709e4f9858299a94516155fd8fdf,STRETCH,1,NONPACK,STRETCH,0,NONPACK,1680,0,0.27,4976d8d2c5af2224090a1fb29a8b35a2,0d5a07f7ac939ca7a4cc4afe355c7234,cd433e828a630df8a45d6eb5de422ad3
176,0,1f84a5c882d9f7141ffa8b1a181cc47e,STRETCH,1,NONPACK,STRETCH,0,NONPACK,1680,0,0.27,4976d8d2c5af2224090a1fb29a8b35a2,0d5a07f7ac939ca7a4cc4afe355c7234,adc1c99fdf460ddd94dd415edf87bc77
177,0,80b6ac8f20140d6c3bc7d886fb603dc6,STRETCH,1,NONPACK,STRETCH,0,NONPACK,1680,0,0.27,4976d8d2c5af2224090a1fb29a8b35a2,0d5a07f7ac939ca7a4cc4afe355c7234,e2fe4b7770eb86376a6c57dfd57f3143
178,0,f7301b2de0256fa115c88f6a870b8fc7,STRETCH,1,NONPACK,STRETCH,0,NONPACK,1680,0,0.27,4976d8d2c5af2224090a1fb29a8b35a2,0d5a07f7ac939ca7a4cc4afe355c7234,5176f4d2aff7db13f84557d24e27ea21