sku_id,sku_wght,dimension_a,dimension_b,dimension_c
006f74bde2457c4578483384087fad75,0.08,15.0,1.0,12.0
008c11db3113132d53961fb1e691e070,0.2,21.0,7.0,12.0
00f5a03e34b6ed0b00d246e94379ecc9,0.074,3.0,10.0,6.0
01739f870ec136dbdd9b77bf99dcc1bc,1.11,51.0,14.0,46.0
01bfc11a3b06243b5dd84ae7dcdfa8a0,0.255,24.5,4.4,66.2
024d2d9d2a90ab3d70bfd2a33291b9fa,0.9,40.0,2.0,22.0
026146a98377deebacda89ab5af9d825,4.3,24.0,20.0,33.0
033a1dff50b9a29b2fed234b72ba542d,0.256,40.0,4.0,30.0
03792096ffa3e48a6124162e1a2d8275,1.618,24.2,11.2,44.8
03aa37723239de235c7cd6a084169f6b,0.79,45.0,2.0,38.0
03f21b31f6179cd573a490cfa1ca2d48,4.9,30.0,26.0,12.0
041117d6557697cf94da9fdb94e582c9,0.56,23.0,9.0,19.0
0413f9dfa8f6537dfda552ad0825de0d,0.1,15.0,5.0,10.0
0417ae58ca8259cadafcd282816fd0a3,0.18,37.0,1.0,30.0
04444811d5ed0d4bd4ca154acdbc1bd2,0.435,64.0,6.0,6.0
0556e15f5dcf4a7851f551170502ecdd,0.17,6.6,29.3,2.3
0588e43ea7ad1ef603059269db6467eb,6.02,30.0,47.0,15.0
05e307f7926114bfa2a8be7873dcd312,0.005,15.0,1.0,8.0
06076bee03b035cb460ca9cb680d76f7,12.1,40.0,14.0,30.0
06347249ff27e8d8250fe57b9749480a,1.1,23.0,7.0,9.0
0634a3ce6b2050c539818c4af4b23ee3,0.87,56.0,27.0,38.0
06656af258b524e9cd126824a1f02d9b,3.509,28.6,23.5,28.4
066c48eee0999e64db512b1060ba7a02,0.734,21.0,8.0,16.0
07429cb7c6540e6d44bdffcbe7a1cf84,0.2,20.0,2.0,20.0
0774af0263910ef3285ed470ce5ce547,0.07,4.6,6.6,26.8
07ebcb44c126a7b89d5d99a230368697,0.012,4.5,4.0,2.5
085b095a87c0d75bdac8171ea9c53af4,0.33,4.0,40.0,20.0
08d407daddb98332098f1c22007ea76b,1.9,26.0,4.0,36.0
09240107e1a1b1648bcc9341f1c71585,0.98,10.0,29.0,6.0
092c83b2779af3261545f32c3193b15c,0.57,33.0,5.0,27.0
0967a59bd4fea96e578a057ebcb6a791,0.21,15.0,5.0,14.0
096e4eec8754fb718954a80c9bcb3183,0.285,24.0,5.0,18.0
0a0be74a26e31cb1463d2d87e092538b,0.744,33.7,4.9,40.6
0a7ac50257b4e4b4da3ff2f6af35e7c1,0.91,28.0,5.0,19.0
0a98c611d595f16349602a7090971f5a,2.143,26.5,14.8,13.2
0aa5dc74c80ccb76d6a30aed503ecbe1,1.618,45.0,11.1,25.8
0aada1627995046f03cead278e709e10,0.2,15.0,7.0,15.0
0aca7e264b563114d6d3a03ed03d567b,0.417,10.1,19.0,10.0
0c8cef8a002872c0e15da95f4feb78a5,0.17,35.0,4.0,20.0
0cbadbac0febd1b7dab6a593c7a3cfe4,2.0,20.0,15.0,20.0
0ced396852b29762df0b401d04467549,0.3,30.0,1.0,22.0
0df71adfa720cfa55fe0c3b04a82db8d,1.015,13.0,13.5,5.5
0ea3066de0c42c35ab625f4df6fb02b1,0.1,17.0,8.0,33.0
0eabf1bdc973f7721769ded3747e6ce8,0.46,80.0,1.0,60.0
0eaf2e9afe441c57b90210735ecae73b,0.2,5.0,24.0,12.0
0ef2a0dab7fe9517255dd2169fb89d11,0.597,25.0,6.0,8.0
0f1f643907196ff8bdc75f19d122505a,0.9,8.0,19.0,8.0
0f2b248dbd2df2d8f1361a0c1190e84a,0.12,12.0,7.0,5.0
0f7e5f426018fb5fb731a54c14d5261f,0.02,17.0,1.0,15.0
0f804bd9e42bbfe85dc9bac8ec054e60,1.1,16.0,14.0,22.0
0f835faeb16326e6d4c3854cc02ff9a4,0.3,30.0,2.0,30.0
0fcc72f1f9d7a897525610ecb9e232dd,0.391,8.8,1.4,28.2
100cc0bd8bb357d3de97d37c156c5d08,0.78,9.0,27.0,6.0
1016b475e7ac7dcc1acc293ec29b460b,2.324,24.9,28.2,9.0
104bb099dcb1fc8f0a3643c88efa2214,5.2,19.0,28.0,13.0
10eb40452dc3d488905df582ffa6438e,5.0,116.0,15.0,15.0
11c036530105755dc4d867c551435ac1,1.3,30.0,12.0,21.0
11db68fe111c167f2f9b04e4caac12a3,0.58,28.0,5.0,18.0
124025cd5a0583152ce9142103f4eb08,3.3,48.0,6.0,38.0
125d648f654a9f5e50ac8120bfaaf089,8.5,47.0,11.0,30.0
125e4971b86bf90f5b75349148db0c82,0.205,21.3,5.4,20.6
12cab3edd576bd68f4a8eeee31f3c59f,0.3,30.0,2.0,30.0
12d07fc02c79da2392e77c7aca5e88e9,1.95,34.0,9.0,9.0
12eae749f5650885d986d6aa33634bb1,0.7,19.0,22.0,17.0
1310e25c31a82a8361f063727fbba467,1.1,25.0,5.0,20.0
13982b8dfc49af077300646d042ee104,0.06,20.0,5.0,14.0
13dc4ae5a4e0cca6a950de71ef91a367,0.039,7.0,1.1,8.2
1423163581b5d6d975eb5b9b4abe0de1,1.026,24.5,16.3,18.6
14ba7a74e886145b23664d83b7d84d89,2.6,41.5,9.0,22.5
1516b5df42666f36dd08e12a25623c1c,0.2,10.0,4.0,4.0
15936af31003de46b82f8e8cbfe39479,0.01,10.0,1.0,7.0
159eef1145efc80314b0e608ed19177b,0.09,13.0,5.0,8.0
160f278f7bfde61292760d9cad458045,5.827,53.2,13.6,42.0
168df4b2704508c04807100595ac2624,0.3,11.0,10.0,16.0
16a2ddd70fa277d687c07f6057ef3086,1.96,63.0,14.0,15.0
1748a5e447722cdf8bcdc0628368671a,7.73,19.0,34.0,26.0
175190f435b0eb047196dadf9d816308,0.41,38.0,5.0,38.0
1773c9b41c8f2580b94fceccd10407af,0.76,29.0,11.7,26.6
178d73434c27bd0fea9f7c16a8543ffc,2.0,40.0,13.0,30.0
17ae76d8cfcbdc695f7b166759dfeeca,1.56,82.0,5.0,15.0
17e185a5c2d8dc47a1f7a62fbcf206eb,1.571,28.0,36.0,6.5
18586dfd7ff4e3ea64c9e3e0a9a84507,6.0,33.0,66.0,42.0
1861910f67a0796da77b325c4ba77815,0.292,26.8,4.9,30.7
186806ecc7658f72a28e2572335143e5,0.56,9.9,26.9,5.1
1877b69920175e2259bcc6d66e758d81,0.559,7.1,18.8,8.1
198d5fcac7fb76ad93d484517c38384f,3.52,26.0,38.0,15.0
1a9fe5d4bb9da9ef95258c151fec9dc0,0.427,7.8,15.8,6.4
1b4c5936f3e3f9ca5a11093923fbb8e5,0.13,30.0,1.0,25.0
1b5aff7ac09d7359d2b01b2c7cc66cbf,3.952,14.6,32.2,16.1
1b77f3da72e68eef3c8a73c8932d7bf2,3.2,129.0,5.0,53.0
1bc8b3eeddcb9243206a59a1a842f8bf,0.67,16.0,98.0,26.0
1c1202922128e2832d9512d2a78905ba,0.476,5.2,22.2,5.1
1c1e930d52629e96008581c32f9b7c6b,0.035,6.2,3.3,5.9
1ca27d09ab2630f9ec64c278d68dec9e,10.0,22.0,25.0,32.0
1cf1a75dc0ed461d584d2841981e7d1a,0.5,21.0,20.0,6.0
1d73148317625c98399f6361ea9cd9e5,15.3,70.3,11.3,40.3
1e04886b9921cf4414fb986eaf432fde,3.0,10.0,30.0,20.0
1e33dac4b849093687d04557f7e25ea5,9.3,25.0,32.0,17.0
1ea51d4f2ef4cd6171d219c0116b730e,0.006,15.0,0.1,8.0
1f9f9b4016be683c429918b6a4b69396,0.07,24.0,5.0,20.0
1fc68dec43291649cc99a0d0f7014d80,0.3,8.0,21.0,17.0
201012d4d01e952806065bf355db4ec1,1.51,60.0,15.0,40.0
205da74ecb30ef6089bfcd0411e15da6,0.413,41.0,5.0,19.0
2088f788bbcfb7c9e50392ce6116e518,0.05,11.0,11.0,9.0
20ce4f374b1aec7d466938057405f1aa,0.222,30.8,10.1,24.5
2163e56b2d00d3261742b1bec2c47ac2,0.094,14.4,3.5,7.4
2197b761220b182c05e6fb0722f64dd9,0.36,2.0,35.0,60.0
2215b0be0e5cbe9d57d6199e3d60dbcd,0.4,30.0,7.0,29.0
2241eb6229e39aa5dc7adafa3f1acdfe,0.5,25.0,19.0,8.0
22db0318ecb7a081086136b65482f095,1.892,19.6,16.8,61.7
22ebe748e358c7edde42bad4a7ce430a,1.087,32.4,16.4,17.3
230908fdc9b2f9255b9bf035701c0c9e,0.638,19.0,24.0,12.0
2339125729ef8a48d81c8ccabea5409f,0.93,32.9,11.3,21.8
23940b4f06cf9ef86a266112007b69a9,0.57,33.0,5.0,27.0
23c31f6d09453ce04813e2de09f6e129,2.0,25.0,25.0,10.0
23dd49cc796d4c96802fbfade6b41296,0.15,30.0,3.0,14.0
240a42cc0041dbc4c556ff4bc8aca45c,0.451,5.4,21.3,5.9
244e74979ce251f048325cbf59727890,0.5,15.0,15.0,10.0
246388f8445e7559d53ed2f5802af5fd,0.6,15.0,15.0,15.0
247b466fb3548335d96418aebc508683,0.125,5.1,8.0,17.3
249e383bbd75ffd4066d036a0e9e8b2a,0.06,11.0,1.0,15.0
24ec27bbbfbca7f4eecc06d00bbecd8a,2.7,66.0,16.0,23.0
24f5418807d3c0f4f71becbc110fb9c2,3.0,20.0,25.0,8.0
250ff9a4058e9e4214f6946a415ffa09,5.068,30.2,11.9,47.2
2589e8a95101fd50afc95b548d8d5bf5,2.767,16.9,22.6,66.4
2611f0f3eff30a3b9a719386555082cf,0.25,40.0,5.0,25.0
26838db6285a54c235ca01768b0cfe32,0.2,9.0,6.0,24.0
26910d683faeee739ffecea367901b3f,0.05,19.0,1.0,8.5
2737cdd6860790c7b88c1f7dfb0c9471,0.65,20.0,20.0,11.0
27a9d7e256b13c868107592b3781aa04,0.638,20.8,29.7,5.2
27d45461c660b8dc4dd80c1cd268ed8f,7.5,46.0,32.0,32.0
280d5543384a49286aed63ce53355bf6,0.4,30.0,7.0,29.0
296c6e9d77d70e858a4c1161ee0d3261,1.5,29.0,7.0,29.0
2973c54ee6b32927b860955de220a2e6,1.728,16.9,19.5,11.3
29cdeab19ed2ede330ab0eda3c1cffd6,0.025,19.0,2.0,2.5
2aab18dcbfc2db331021d2ef4d1656b8,0.25,40.0,5.0,25.0
2ab4abd1d31a050ed7d92b111458e723,0.08,8.0,11.0,5.0
2ae7a054de2b06402837bca5e75cb572,0.75,44.0,20.0,20.0
2b99bdbb7201ecef03216f8a4f537b0c,2.127,14.9,32.5,6.5
2c5fb670b14ed3fe7d4b66d14f7f8c82,0.223,36.0,3.6,30.2
2cce929f7974c392c646bf776bd1df69,0.055,8.3,2.2,7.6
2d244ba984070c9879b53ba1363066b1,1.2,48.0,8.0,12.0
2d298d28d7b20ad989a97f39a8409f06,0.15,16.0,1.0,14.0
2d590a961d5a86778262a03e68192b32,9.93,26.0,13.0,52.0
2d6970d51f338bf0cc0a80534baa8ef2,9.234,15.7,43.7,18.5
2d718ba04113894c72e7949b6e439f80,3.102,111.3,7.3,30.2
2d962d77120ea65989e0b88e60961dd3,0.05,9.4,3.7,15.9
2df2b7fb1a48f350e0f4e58468e9150d,0.119,18.7,6.0,22.5
2e20a64064c24502971210e687816902,0.927,17.1,6.5,28.2
2e3e7166367d43143785f92890d832c1,1.046,11.0,19.5,11.0
2e695b2a4c4649da8011317dec3d2717,0.078,22.0,2.0,16.0
2eb0e0d825a6ecf23ca75be67fe59810,1.053,22.4,12.9,28.5
2ebf065909928f65cba8b6bffec4781c,0.24,35.0,1.0,32.0
2fb397530b479719a13ee39b5c4d24bf,0.123,31.0,1.0,23.0
2ff8af26010f124ce9af48698be6e3a6,0.331,13.2,13.9,84.3
306bbe86c3aedd3bd0297b1cc886555c,0.1,10.0,1.0,9.0
308ec16a7e8db054f97a6e65b8ec6b86,0.56,23.0,9.0,19.0
30ac85d68f3125793766a17b6cca4256,4.06,34.0,120.0,1.0
30aefa912acab74601bfc8b085119dd9,0.013,10.0,1.0,8.0
3172f4920babbf8c04d36cafb2feec17,0.17,30.0,5.0,25.0
31abaa0937e0b4c28143173ed567ead3,0.3,18.0,9.0,18.0
31bb67c0c47e0cfde6e08b4b95b44ac6,0.28,9.7,9.7,9.6
33416a58c214920d3dde7603aa6057a1,0.1,20.0,5.0,5.0
340127276deb85db292e00a3c7d17b9b,10.221,37.6,14.8,67.3
343ec4139eb474e0e166348126c158f1,1.8,15.0,30.0,40.0
34a618a9d7d3c7c3ca973fb5abd9eaa9,0.483,20.0,11.0,11.0
34d6b84f6ffd3fbbfc2eb839f2486e2e,0.036,7.5,2.0,15.9
354c6495da46e719a6f584cd87fde01e,0.055,7.1,3.6,8.0
358bed7b36131242f12062a7a058aa58,0.8,30.0,20.0,20.0
359cf603849077d775dccefa734a9f76,3.11,23.0,33.8,27.4
3670fe6a00339340c2caeade3cf07a70,0.29,40.0,5.0,30.0
3673454cce069cd161d6de7c97978726,0.06,18.1,3.4,13.2
3697a1e07c56d4e8a0d813b84e14c243,0.557,10.9,3.7,28.8
36cc390e42c7b7da1a9fa7eb4d3c73c1,0.025,5.0,7.0,4.0
3707d296be5db5cca4ab9c7e108b684e,1.5,50.0,33.0,38.0
37d17d71a635d7e50ac48bdedfd5c8b5,0.86,26.2,11.6,46.0
37d8f070df6f139fee385ba3bf5a017a,0.25,40.0,5.0,25.0
38107916dab07b17b7e5104cd0c27e70,1.86,42.0,9.0,29.0
3822437ddbf508c45c860a0b9e01f6e6,0.184,19.4,4.1,12.7
38e8291fc129b208ba587384ebfea414,0.5,30.0,10.0,20.0
3939fa8eca5feaf6d2cffdf2ce5b2e7f,0.152,5.2,13.0,5.5
393a778da07cd44517d34e73da38f252,0.7,19.0,4.0,12.0
398550b451b57de845d9068e9f6bc696,0.04,25.0,3.0,6.0
3b660cf14bb2b859c3e36947a23eeef1,0.5,9.0,24.0,7.0
3bb713e647d7f36c74ca9268d045a655,1.36,57.0,30.0,40.0
3c2a559966c769e6dbf13f85cf6a4e8d,2.55,22.0,50.5,22.5
3ccbb6be859fdc5b3fb5b333ba0df898,0.232,20.0,2.0,14.0
3cea025ba722b1ccef983ac6d50c09f0,9.8,26.0,34.0,16.0
3d673d9a1242b41da9bbd91ec6629790,5.5,50.0,42.0,16.0
3d786b37afadb1cae23ad47081fbe753,1.0,10.0,10.0,10.0
3daea7193c15566381cb832f2ab7e461,0.8,12.0,5.0,12.0
3dc7279a203a2fed09c2328bb845f2c0,0.9,19.0,6.0,10.0
3de3f065fd339e1c29d30e42bc20784f,0.644,18.0,18.0,12.0
3de7fa3f32a78f8e7757ba9c48637a8e,0.8,71.0,7.0,17.0
3dfdf53b7e1333e99fb0eb3486f794e0,1.4,38.0,48.0,30.0
3e42fe027d635353ec4a0e27e144e566,6.048,27.2,8.5,44.1
3e593e549ad4ba544632401bfdd7b4a7,0.18,6.0,10.0,6.0
3e5e07f437848e9e587419d3b4df5fed,15.0,26.0,87.0,29.0
3e9df379a3fb2b928d035aebfe26a0bb,0.4,50.0,5.0,30.0
3ed6a07ca1c308f04ef5a21bb80822fa,1.0,30.0,10.0,10.0
3ee8a3e4943d9712cf119734b9883102,0.05,24.0,0.5,22.0
3f32fbc90a13f8d1c30ca9d162e77983,0.3,15.0,5.0,20.0
3f834ca9f6a26b5732e2d352733eff9a,0.3,30.0,2.0,30.0
402936dfce9947b114237c22e7fdf9f1,0.7,13.3,10.0,65.0
40bcc47296c830220b6c70c6c76c6f3f,1.58,27.0,27.0,14.0
4128e7daa8fbe08603251c658aa19c02,0.4,25.0,23.0,34.0
419dc521e712c494a5b61ca6b361806d,0.8,22.0,12.0,19.0
428a4ad5bd6176be7914186cdbdffcb5,0.2,25.0,13.0,2.0
42914c2bd54859ebcfc81cd62db069c5,0.8,7.0,34.0,26.0
4294ddbda2790b2b86f393dd26479c55,3.51,44.0,19.0,31.0
434b7fcf6f9e99f783506a1d8acc951e,0.775,25.0,9.5,16.0
43cdb8c02ed7eb82158166bf96fafa86,0.04,10.0,1.0,12.0
43daf79a8b52a7e45e7ff984cfb276cb,1.022,29.0,15.0,21.0
4478d1c2c20d70111c598a08da1ef79f,5.1,16.0,25.0,17.0
44a040d11bd7a0e4c39f6e2049eb91cb,0.3,30.0,2.0,30.0
45452916734755bfe6feca419a576d38,1.785,31.2,42.3,17.3
454570b1c9d5679487c83e81876b499f,1.41,15.0,10.0,27.0
454e049fcbc707d12cd3d441e525a5c2,0.75,7.0,28.0,7.0
45a12fc8954297bebfea4c8ac34a5f67,0.271,15.2,4.6,9.1
45d043044866616567a7154022c62c3f,0.18,23.0,1.0,17.0
463c7644f0cdabd81076467c5f86a519,0.908,41.0,8.6,48.3
4697fa12e142b48580f7988d2da027b3,0.98,76.0,9.0,9.0
46dbaa6d4170220aa3674116b934ed85,0.07,11.0,1.0,11.0
4712b2c7334ec0c095677f1607123dbf,0.078,12.3,0.8,14.9
4784709565e30821f03e8cd198c8d7c4,0.42,16.0,4.0,36.0
4796e961d5e083c751a47e1cf8ecdfeb,0.095,12.0,3.0,17.0
47b76c97ec86fa01657e7a263940283e,2.17,34.0,35.0,30.0
487768eb5dc0f0032d65d55157d72a6c,0.2,6.0,17.0,4.0
4976d8d2c5af2224090a1fb29a8b35a2,0.27,4.0,5.0,84.0
49b1f29a43f408dcee844697bf1c7e72,4.446,22.0,29.7,12.7
49b3fc038ffa571f229ac8e1c372bb0a,0.325,43.0,5.0,32.0
49ce402920ff5e23f7241699fc12e929,2.1,30.0,12.0,7.0
4a6de22c7f6c04042da1ee5666982a44,0.3,71.0,3.0,51.0
4a7615309e4fb3c31ebd87a59276f2a5,9.08,27.0,40.0,16.0
4a85056009f1c2681e6c2d306dcfb237,1.0,12.0,27.0,25.0
4a8d512b0e7dd622e565f9b57eeffd96,0.6,7.0,25.0,8.0
4a9ae9cd6f901e6cbd04e1d28d5b63fb,0.4,40.0,7.0,38.0
4aa0226b602ac7f30442de7b52817115,0.29,64.0,15.0,16.0
4acd7f50477f199e5d9e6aecf537c7e3,0.156,45.0,3.0,3.0
4ad33599f539d9101725e442690704bc,5.0,28.0,21.0,11.0
4ae2734f43b51129b53f81343c942d5f,0.6,28.0,8.0,22.0
4b009188068db4972d265d7a244bff9b,0.4,30.0,7.0,29.0
4b69794c45613c33eab9663abe397f00,1.63,14.0,21.0,5.0
4be454dc3601d29c201898f2c92bddc2,0.303,27.0,1.0,21.0
4c3f11652ff8d61ad749ef9c6232125f,0.035,5.0,0.4,20.7
4c41a3e11ae3885e3b30f45fec2c4181,1.1,24.0,10.0,23.0
4c6048bd39757d7796b415ab1c91b4e0,0.314,52.7,1.3,38.7
4c6b13f109bff9001f5e358142dabe1b,1.5,24.5,7.0,21.0
4c9e80afa34dd8333017d8fd53a36db0,1.55,60.0,15.0,40.0
4ccfeddb573b13de09faf544d9fa1c73,0.59,26.0,33.0,5.0
4d01fba4f4b306b3e8b794d8b5cd759c,5.048,28.0,6.0,34.0
4d1e88bfdb5b3b8b0a30f3615e2104ac,1.486,61.0,1.0,41.0
4d89fc7a79c5c838805bef3debcba5ed,0.566,52.1,7.8,8.2
4e4ab41f388503be11ca6e593e301250,0.11,4.0,17.0,4.0
4e5bcad452ec257641be528591fb6968,0.63,28.0,4.0,19.0
4e676d8db9b2b7853c414ed4213af8a7,3.04,22.0,35.0,12.0
4ec23533d5613f7e7c1f56917cacaa74,1.78,51.0,28.5,38.0
50111de8ef34bb7e20f8682acdb8e218,0.88,10.0,29.0,7.0
50d186633cacc7ee1b25ffcede1dc8ab,1.437,23.0,19.8,19.8
51b9859ae737929839b7bbaf5ba15e73,0.761,5.8,26.5,8.7
51ce3cddd273655278a993ea2d104d85,4.501,24.8,20.4,32.8
51da9a55c6e6d95121ad3e8bf66d8d9e,0.5,96.0,1.0,34.0
51e08f57f0c20cf101ff41c74cefb445,0.04,16.0,1.0,16.0
51f8d9898f2d6900b78c85e1b49f8241,0.3,30.0,7.0,29.0
521652f6b877c09701be9b10ce1717e5,2.51,58.0,12.0,32.0
5460bd6817da1628c84fa2625be049ba,0.3,30.0,2.0,30.0
54c6912a3861ec6903978f212f1457cd,1.07,7.0,15.0,25.0
54ce341e20e87eb3648e9d6660385717,1.5,26.0,22.0,26.0
55516c20e14bc6ba036769a975891409,0.578,40.0,3.0,30.0
55db2cbc8c3422e777caaa534414a86c,0.006,11.0,0.5,8.0
561dab720d489153cff6fe3448300be5,0.1,13.0,6.0,19.0
5625e6f8b189ca5a813a1c348d28e3da,5.0,30.0,22.0,11.0
56293757ecec17fa33c18fb5cd274af8,0.05,23.0,2.0,4.0
562d8a46b1632c48573a9feea0c29caf,0.2,15.0,9.0,9.0
563f0a3c32d0c3e797b0f91881bba442,0.12,12.0,5.0,30.0
5646d4c24909cd6759f300f05ce26b04,1.11,20.5,17.5,13.5
56c283236ff8cc1285f88ef1e09f7de9,0.71,35.0,10.0,30.0
57d558ccb21eb52b578da18eb89949cc,1.5,22.0,22.0,23.0
57f489c5e9f76b8f1b2eca89bc0cf721,1.284,26.0,16.0,13.0
5800f96486e5da6a64282e3cde870056,7.617,26.0,26.4,25.7
585dec735db2f914712dca7ef7a2acd9,0.05,6.6,20.0,17.0
58884f846c9da68b5cc69b91a7b2b861,0.943,25.3,16.6,27.8
5914010b18e7028debf1d147742ac449,2.274,11.6,5.5,52.5
596bd50b0a54ac39812c878c42e87bd8,2.827,9.8,33.8,17.3
59bf6ca3a28dde802f514b6ccd102a18,0.089,5.7,1.5,4.9
59e2ed69324796b294614b7b28b23e69,0.6,35.0,27.0,7.0
5a1afc56a30ec235bb82175b1d558a1e,8.164,47.4,11.7,26.6
5a459aad66c38f64d12aafcd168175dd,0.4,32.5,5.5,15.0
5aa0165b259fa81179229ab8dad91026,10.0,22.0,31.0,18.0
5ad697952c9e501d0f4724317cff3cd4,3.0,20.0,20.0,20.0
5c4c1cd4b148e9cdcd57469e2cbc419c,0.05,7.8,2.2,11.3
5c7fb5b0de11c081407689e46a172ec4,4.0,45.0,15.0,30.0
5cafbe7182497445ef2f3aa4631d62e1,0.256,40.0,4.0,30.0
5dd07932b21fc8e9ae70827dc8845b73,5.12,23.0,40.0,62.0
5e3926affff395b925a11220146007d1,2.755,38.9,33.4,49.2
5f2993458d00f9db31614a2d9d944a6b,0.015,1.0,15.0,22.0
5f52ef9044013c069f58bb4d6e8d7e84,0.256,40.0,4.0,30.0
5f863de7185b639dc6a628704ed17484,0.1,11.0,6.0,31.0
60316f31c63001dafad05cf843873611,0.27,28.0,7.0,25.0
60a321961ebde1d039722c09ab4a5ec3,0.501,56.6,4.1,33.6
60c5a9b1fa0e0a01fa15ec54689d6346,9.37,31.0,53.0,50.0
615e7362a01b425580af36a42d2f8a38,7.9,50.0,33.0,39.0
617920eff674a93aae10ef916fcc718c,0.5,50.0,3.0,25.0
61b10a4e014e6ab3d1e7f2f631032c01,0.36,4.0,24.0,17.0
623212735b4403edc3a8b07431fb635f,1.4,20.0,23.0,30.0
6287a74b664fd8ad4ed5c541b399a82b,0.896,18.6,3.3,49.7
62b8bd45ac825c1c654a88bc300ea2a4,0.413,41.0,5.0,19.0
64593f7ffb8aa09e202b173fd6f108c2,2.15,30.5,16.5,21.0
648a07d27747d57801d7062631119346,2.65,21.0,4.1,9.8
648dfedf0e57449acb9b38b4f42e97c6,1.309,20.0,15.0,15.0
64976cc694170add4f9be687de9307ca,0.121,14.0,5.0,24.0
649851eb13cb446531c0142242c610bb,4.315,24.0,20.0,33.0
650224da040bdb81be89ecc7a5fe50e0,0.8,15.0,3.0,15.0
6502d420cef1ae69b45d5e10da8972a3,2.0,54.0,9.0,54.0
65b359b4bf253a97626d88a75b43c0af,0.065,3.0,10.0,5.0
65ff75f223dc1e162ea4bab350889e05,5.0,17.0,23.0,16.0
66951535cb3a3135ac5abeaec48e0802,1.17,33.4,11.6,28.4
66a83a69f001945ba6520acbe77195a8,20.0,30.0,33.0,30.0
672afc14716a2ca07f8da5fc6a958d6b,0.09,15.0,3.0,8.0
676e7782e5f962df49d215e11dfe1e21,0.44,48.3,4.1,48.4
67ca50ab5284575e349eeb90f780aa16,1.91,13.0,32.0,10.0
6868113913ae9c432a16566baeb4e6d5,2.3,15.0,31.5,10.0
687c8555f3ba10b7bcb36f84914effa5,0.285,24.0,5.0,18.0
699b10a5eb712c7ec2d70782e68b1f3f,0.006,15.0,2.0,8.0
6accb65dc4ee04b8fc99a753dee12fe4,3.62,56.5,41.5,28.0
6b0a16da90092a46f45857695c584bcc,0.49,11.0,6.0,25.0
6b9a0bef237f14621b4b836dc51c8847,0.029,11.2,6.4,10.3
6c9b938ed08d0acb1c35003af1ce14a6,1.5,45.0,25.0,32.0
6d0f8c22fbe0fa9f1828bb5f4b848120,0.1,6.0,2.0,5.0
6d5509e633e84e659cbc8b11181e1955,3.543,38.6,5.7,31.0
6da95b1dad99046abf1f04fc33f6a3ce,0.7,22.0,21.0,23.0
6df362d19ed1b2475731a1f61a1002e7,0.173,18.9,17.0,18.2
6e1f819bbc44162312dfd0a4e06892b6,13.19,79.0,12.0,40.0
6f8cf84c88f3caf34a3bf4a5ef0399c6,0.6,24.0,7.0,9.0
6fd989db3a967f4a516fd53dd4dc0ef9,0.18,21.0,2.0,18.0
70494019732242112c3599d49e9a8e1b,0.352,17.3,5.4,8.6
706513014b99aa52bd13b2a59a97d354,6.08,29.0,9.0,29.0
70d04f339a4c7202cbc51fe5bba493dc,0.34,4.07,12.4,20.0
71424ef8b9a8e7b11e01c66b5ef48455,0.16,5.0,6.0,5.0
7155e9c0e349da41852c41e6c02c34cb,5.2,108.0,14.5,13.0
7252b5f34d6cb5ca5a3b66a0a08bcc04,0.082,6.3,4.4,10.2
72980f82e7e3fe56bdac3846008b7085,0.29,10.0,7.0,10.0
73f0ba08b65f724ebe888d7cf852d768,0.244,14.0,7.0,7.5
7436d58bee70eaf9ac28d3aa2c084e2a,5.95,41.0,20.0,30.0
74d5644476674e7325746b3cd2a1d4c7,3.565,22.0,31.0,9.0
75a4214bef2a1ddeb92bd6034891c9cd,0.434,15.0,5.0,10.0
75c21cfa77763ccb8574127dce91078b,3.1,36.0,3.0,23.0
777c319ecedc5c4b02863e6f713da7ca,0.5,19.0,4.0,7.0
778138a40b352b2ef04520288b180c56,0.4,20.0,15.0,3.0
77c9a91b79d18431930d3526d8a94cbe,0.3,30.0,2.0,30.0
77cd4b49c0b58f2a7c99e01901cdb543,9.08,14.0,35.0,26.0
78579bcd9aae69d05ba41f33c1711f2a,0.06,10.0,5.0,19.0
788143ea27b561aa8c6b9fc41221ab25,0.36,37.0,5.0,28.0
788d7690f71c5de1bf0bec1bf91c93eb,2.0,120.0,15.0,15.0
78a5b49b9a132e43a6535d6e1de814c5,5.943,12.0,27.1,26.5
78b8d7e59a809e5f5746e56ee13cffc2,2.1,76.0,2.0,32.0
78ecd8df72d545b7a7cd842353cccb6f,0.3,16.0,20.0,8.0
79ffa4ebd3d7b586078298797a6dc2d3,0.7,30.0,10.0,10.0
7ae72f7bc4e77017d16caf405723f3b4,0.905,33.0,12.0,21.0
7ae8bf4589cdcd89092908b38ab5792e,8.085,52.6,15.1,25.0
7b76966bb991d7acb745f2e0d7be2d6d,4.26,23.0,32.0,20.0
7c378b165ffab825f2e74af1d8d853cd,0.39,42.0,18.0,30.0
7c8913793b34803c9ff8d73943dcb08f,25.0,31.0,80.0,31.0
7cbb2467de0d97b374fe57bb72f0b973,0.02,15.0,7.0,7.0
7cfda7de0c0cb9d99584696908872ac4,1.285,27.9,12.2,30.8
7d68701738cbed33259bce6298306049,1.303,42.4,7.9,57.7
7d706acb7107f5f717ca3cfcfe43e001,0.96,12.0,28.0,6.0
7db10154ac632e6c39b57980422a9490,10.8,27.0,47.0,37.0
7e1a8ae32cc035012d4f49fed38cad7a,0.125,5.0,10.0,5.0
7ea958271103944b8c82cf956d1051cd,0.316,18.0,9.0,9.5
7ebe0f19553cb3f9945733727faa942d,0.488,7.0,11.8,7.8
7edae4c0453d36ca663b0fee1ecb36be,14.0,63.0,10.0,35.0
7ee4f77308350ca559c58773c522f6c5,1.3,35.0,20.0,40.0
7f0006e6e1ef832fd73a3aed1bba38f0,1.8,50.0,10.0,40.0
7f09eeeb1982a7ceb04c78c01789eac2,9.45,27.0,35.0,19.0
7f68eeb2934d1c2701173287b23270da,1.0,23.0,18.0,18.0
8001d1821ab3d78cf41b8b2b157b18d8,0.2,15.0,5.0,15.0
807ef8163cb4ca3fe8b2e1602c95de6c,0.9,21.0,30.0,21.0
808a72bd3358f4a37ae4ef731b82bfd3,2.0,7.0,10.0,40.0
8152aacf8a9a4e1913dcf065eaf81abf,0.3,20.0,15.0,20.0
8152f507c6a173531b42f90bffc9d0f5,0.1,50.0,12.0,12.0
8162a745c4244cbf55fc4c3039677db2,2.0,46.0,3.0,38.0
81e607cc658ea29b4c92908ae0705d72,1.0,23.0,23.0,15.0
820078014b9068f123457df3d86b8dcb,3.08,26.0,13.0,28.0
82ab6488a14382dcdde70bf1e67f45fe,0.797,37.8,12.1,41.0
82b04a2ddb9989efd8536a97550f67f7,0.3,15.0,9.0,9.0
83026b68b2e54d1417367d2f5f56b0ba,0.079,19.0,4.1,14.3
83297a5abf62a5119a1319663ba0dfc4,0.926,6.9,22.8,11.5
836079afad2a05332854f57e96d5dfff,4.0,37.0,38.0,18.0
838a4455cccacfe09f65cc001f1dc7ad,0.2,18.0,2.0,5.0
843015c9f6044a720df4dd7980e57d33,0.52,8.0,8.0,13.0
84710897567968df73182df8c74f4a97,0.167,1.3,4.0,6.7
84a54899ec7962241edb71e79d5f5487,0.88,16.0,5.0,40.0
84aa7f45a18c3b785d36dbef31b7d69d,0.161,21.0,7.0,6.0
84e762b3119fa8a53f38bd5059463a81,0.2,35.0,0.5,30.0
86898d64e8cdf6217fbdc508702fdb4f,1.154,7.7,26.8,8.1
87279f142e7b1eee97e7e7213332432a,0.204,14.8,4.1,21.9
8776e9d1608e529fe8b363fac92b0510,0.328,30.0,2.0,30.0
87a833c6cc82fdfd83c0614dbdb0d1f4,2.771,21.7,38.2,39.7
87c0e2a7f2006834f4a81210f6f733fb,0.312,9.5,9.1,18.1
87c908151f1a5d31632a2d4f694beb6d,0.114,6.0,5.7,12.7
88004531a4ea7c075776de7b716a7987,8.947,17.1,42.7,33.0
8821e6a8e830371043769099f4939439,3.094,53.0,57.5,19.0
8857575d066fd191a1835f0cd39e9b0f,0.375,48.0,13.5,24.0
88be6c5fda64679d85d9c8854f421f06,0.82,35.0,14.0,26.0
8914f493af8d0d79b18165ec31ac7429,0.963,10.0,30.0,6.0
89781aa4eeff31ed402e2951c9c545d8,0.117,15.3,1.1,23.2
899a8739a3f9f40a5e8d8a94ebf20965,0.2,35.0,5.0,11.0
899c3869aaaeb91d84fdd0fe135dc1c5,0.286,20.9,4.1,6.9
89bf644bc4978005f75d05e1416ad972,0.05,19.0,1.0,8.5
8a56a22d09ee5f4876fe222b08c6f7bf,0.077,6.7,7.8,13.1
8a7560046dd421e50cb0dc0a1cbf994a,1.25,27.5,5.5,18.5
8a85b3e09f3c3b548b9b7df26a5aa88f,0.8,10.0,5.0,10.0
8aa1b60ab7d2ee9b89e77f2650d4c0c7,0.55,23.0,30.0,22.0
8b116f702ff4672c293ed8cd909c5d64,1.87,40.0,10.0,15.0
8b5afb48baffec1c781a434b138f6a7b,3.9,29.8,23.4,25.0
8bcbc4ec057fa5a69b01655d8998b7d6,0.48,21.0,3.0,8.0
8bff37877d0a917a13e0760713e80f2f,0.74,23.0,9.0,84.0
8c1fa319a09a15d7e09823abb2160ed9,0.807,10.3,28.0,6.5
8c69859f79406fcde2129972073ec873,9.45,22.0,52.0,51.0
8c818e32f605d0219485be4dc5c7a85f,0.135,6.3,25.4,6.3
8cbdc0743b20df23b5123094663ab44d,0.61,52.0,7.0,6.0
8cfbe66f401ffe9a6d9fb3b8a94604fc,15.3,60.0,30.0,35.0
8d132f16537ad4c00fc22008cb454e06,0.3,18.0,5.0,9.0
8d7665039eaa29eeadd6ffb670fb754e,0.213,30.5,3.8,21.0
8de5234427aa2fe864d1b4ecf3d65cde,0.475,5.0,22.1,4.9
8df00bb372a8eaf5e73f5bfcfc367032,1.7,23.8,23.4,40.9
8e732b7e46f4c04696b9af9c90f3b6c8,0.578,40.0,3.0,30.0
8e8de9bec0e55802dea4654bc911221e,0.151,19.0,6.6,34.6
8edbbfe85899d183132ed16c11aa60aa,0.444,8.0,21.0,4.0
8ef8061c3a57fcb704d82fe8ed29040c,0.421,8.7,5.2,17.7
902c200253d19ce441b1713c1dac063c,1.543,52.3,18.0,21.2
904b3f768c81f58679680c8d2915b673,0.12,8.0,18.0,6.0
90fa5282d5ed41e197f373f6bd9d1bdd,1.001,10.8,7.1,19.1
912a5423778166c4460d360773e8f8b4,2.013,38.2,11.3,38.9
91980bd52867eb43b03cf2c8fc5c7d40,0.34,15.0,7.0,10.0
91db5ed50370eb9f1a66548135b32d3d,3.99,18.0,11.0,38.0
92234bcac3cb797886a25a8973420e15,0.9,35.0,8.0,25.0
9237a523c670b6722f9c5b31e429cd4e,1.45,60.0,15.0,40.0
92e0998c7cb2de6427ab0dfe05fb1ac3,0.51,8.0,20.0,4.0
9321983ec7136cca73193921d9c8dc95,0.2,20.0,20.0,2.0
933d008da5a6f528d5831244e7f91c62,0.53,22.0,14.0,5.0
936427a2367e9cebd2d1c914c9cc8ccd,1.04,28.0,10.0,19.0
936693b08acb5783ac46805ab1b3d1be,0.1,10.5,10.3,9.5
9396fd15c7ccbbbe128340c305e2fb9b,0.8,19.0,23.0,19.0
93aa408a6d5f90b77b51ab21fe2eb31a,0.5,25.0,10.0,20.0
93c0c4cb48ad17e46331714d70857670,0.8,10.0,5.0,10.0
93d5a4140ef66668c42fd5bb83ad136e,1.41,15.0,10.0,27.0
93ff5d1e80d15af954a2732a359ae7de,0.25,40.0,5.0,25.0
9403bc63e05251fdc138ba74833564a7,0.11,38.0,1.0,7.0
944258f4622c48640669acd4f14fb984,0.693,18.5,4.0,20.5
958decda1ca5d104080ebfa716727621,0.256,40.0,4.0,30.0
9591c7e5cdb97c3b4b7578111be07cc3,0.13,8.0,5.0,8.0
95c10881b297a82ddd799137d1843f2a,0.1,4.0,19.0,3.0
95da5be3c0c37a1bf50e3a329b9e9fba,1.128,31.0,56.0,42.0
95db5cb8760c4453ce95a208b1b3c4ff,10.192,29.6,32.1,15.0
962603771c298557f87c5995fc0e551a,0.139,30.0,20.0,5.0
96b02c9cd00375c862242b99617a51f5,0.1,22.0,3.0,9.0
97289f4350d7ece5a1111a369d30ea90,1.3,32.0,12.8,19.2
98af41cd6edbde9e7a9039f299073de9,0.736,36.0,4.0,26.5
9925be5267d6da43f5390fb9aa31a2d9,4.123,14.0,30.0,18.0
9931bc4ccd7fb0381dca55108dcfb676,1.83,53.0,10.0,32.0
993df933988af0b1da7f04e0df7cd22f,0.065,21.0,6.0,17.0
995a2576cd0fe9323d5157b2a587bb3d,0.18,15.0,3.5,10.0
99602bf90fb1aa141474ff5fd246fea6,3.12,12.5,32.0,18.0
99defeddef6ba6dffca28997500bb7ae,0.92,52.0,34.0,15.0
9aeba7f5c4ad4726e0ed11a2681277b1,0.4,14.0,17.0,6.0
9b5aad579cfa98dacf5d986fec7f2d7e,0.37,19.5,5.0,16.5
9b974f0f1df24f04c5289cfd1c35d17a,0.3,30.0,2.0,30.0
9be5c6feaba77cef5b87d064caa926bd,0.1,22.0,4.0,10.0
9c225ab64361601a9aeab654f063535e,0.256,40.0,4.0,30.0
9c3c8064901c95cc7af1094133d85956,2.3,26.7,20.3,16.2
9ca573c2344345a9120b6d1b448560e7,0.4,20.0,10.0,10.0
9cdd2cffbdeb91647029ee08a8787112,0.455,42.3,4.5,59.7
9d5c98530cc7e806d1bf0c508036f8e1,0.9,13.0,11.0,13.0
9d8ac750b78168e31b14f71e87ab2087,0.02,10.0,1.0,14.0
9da12101aed2c204db6b5a6237ef1282,0.433,50.4,4.8,32.8
9df9e07dbe2c07f8742b6fb6755e372d,0.035,4.1,4.2,34.6
9e066a31cae15bd826c3b8763fbadf36,0.61,25.0,4.0,25.0
9e53b9beae0d20965e6b19274236220e,0.096,24.4,4.1,17.6
9e9825871d75dcf8f6ddff9bc2387fcf,4.48,18.0,19.0,65.0
9eaeaa9ca968ee88ce8834d330626a9c,0.8,9.0,30.0,6.0
9ffb93ac4a1dd6e35901cb43398cc5a8,4.701,31.0,17.4,22.4
a00f6eedb2cb16684fd1dbd67050dd89,3.0,15.0,10.0,25.0
a0bcf130e31a8375a477a19abd967ac3,3.9,117.0,20.0,12.0
a221affad5e658370555a7cc377de7c0,0.25,5.0,23.0,5.0
a2645da250c2090b25852d2e9306dbff,3.92,41.0,8.0,34.0
a314f0547253f5910decb273b3b9d0dd,0.8,10.0,5.0,10.0
a3f999bfb96ec199b1bde6f916f01e88,0.005,15.0,2.0,8.0
a49abbf93e572434d454ad5e5c1aaf09,1.2,35.0,55.0,10.0
a55de28c9529967fda7fc051e4e0d452,0.25,15.0,3.0,12.0
a6dff41900683773652038ad0faaa5ed,0.8,10.0,5.0,10.0
a7035249eff6bd4f0c5f57ed48909094,0.11,18.0,3.0,36.0
a76e05216166efb0003da22a54979f2b,7.6,30.0,70.0,30.0
a810866592e07050a75d596bbc6874fd,0.8,10.0,5.0,10.0
a87f64a16072eac34f476173e23537ca,0.52,14.0,34.0,14.0
a905cfe7b1291c5679dde13328aa65f4,2.3,60.0,25.3,40.4
a90cb3a6ae475a7692be3bc017168817,10.0,28.5,28.0,23.0
a977cb1b946b90771034b8adcbbb76f9,0.851,16.1,5.8,24.0
aa03536e9133cd2aaf44e0b756b5ba1c,0.255,33.0,2.1,33.0
aa9840bef70dfcb2f89f2a2021448cf0,0.3,16.0,4.0,36.0
aaa2e7cb341238bd6e9ba578f6d0c76c,0.4,30.0,7.0,29.0
ab61ec1b461f853a87d53ca5912d9d08,0.1,9.0,19.0,9.0
ab91146319e0c084b74276f7ad1c0a35,0.175,13.0,10.0,22.0
ac2bedc9799bf8f92227686e9d001423,0.7,35.0,12.5,24.5
ac55c18b3dde65bad240df1e2c462240,3.561,13.5,26.3,18.9
acff15ff99d27d86ce4ff6a4c9bc7903,0.25,40.0,5.0,25.0
ad5fc8e655f3ad2f5d94661f80518c6f,0.6,11.0,28.0,7.0
adb02a4f1c9cb5deca1cf888a07eed08,0.226,48.1,0.8,66.1
addcf0041f1c121685cb1b407238e8b2,0.3,20.0,10.0,10.0
ae162ec0066b4aa1ed3a8ddee15b792b,1.0,25.5,15.0,12.5
ae868c4ba6796482b3b170239909c9dc,1.4,30.0,24.0,15.0
af49bf330e2cf16e44f0be1bdfe337bd,0.1,11.0,6.0,31.0
af5fcdfe425a3681c4cac618430b11b6,12.21,31.0,23.0,24.0
af9e72a116bdd5d606afe67a88bb20bb,0.4,9.0,6.0,9.0
b11a6c654f933c57c5100fa79b96e857,0.9,53.0,10.0,34.0
b17021e9e43107429a67d74ea3b5f77d,0.311,32.7,8.7,24.2
b1a19231b87adc0073985a2169e6c8e5,0.4,12.0,5.0,22.0
b1db25e57c75bd09f52954a02450c3e7,0.4,63.0,3.0,8.0
b3048ce961a92dd8c47ff6ead7edd01c,0.56,25.0,9.0,8.0
b36843bb29db3cf7a9a544237090da05,0.25,20.0,15.0,15.0
b3f709f4fd4b77920278deb3db03351a,1.5,45.0,25.0,32.0
b40c57049a2c28428a484197be497551,7.0,150.0,6.0,40.0
b41f2a552ed74514bc3066f03d499a95,0.091,5.7,4.5,5.5
b43201ae4563855d744347d5414d8158,0.25,40.0,5.0,25.0
b4c71d5ab9012fb302483664fafcb7a4,1.3,100.0,18.0,18.0
b4f3b5305ba56f74b0e0da92150f38b7,0.181,12.6,8.5,8.1
b52a79373487ffeeac8d9ef123e97c23,0.9,38.0,16.0,10.0
b57fe832a6266146997fb03558b5c129,0.256,40.0,4.0,30.0
b585487360eee388bb7ef0cb6a2839bd,0.1,5.0,15.0,5.0
b5a125e774ab2490e49994d3e7dab9f3,11.2,38.0,28.5,49.0
b606115b486443b35df59bfe059a563a,6.8,6.5,166.0,46.0
b6838bde6e3e3b73c1dc3d00f143cc7b,0.7,4.5,11.0,30.0
b6e2dbb8fbb4e8d3e82b8fbbe4ae99d3,0.42,13.1,11.2,23.5
b706d90ba0902ee41e075c452429b931,5.0,20.0,35.0,15.0
b780526e59cf54ad95332bb9c6e7e1ff,18.111,36.2,17.9,75.8
b7cdb855544614c1cf4e8c2cfd11eb6a,0.24,7.0,15.0,7.0
b7dbdab34adb4bd3751c17231963ed01,0.33,8.0,21.0,8.0
b817d2f572f196e19c6830d294b31b60,1.455,27.5,6.2,18.5
b82487276d6c13eb0232099885d959e2,0.726,6.8,22.0,8.1
b828594441ce666e05049a3bffa0e27b,0.523,51.9,3.5,37.2
b8501c6d8320994c202f1e6df126cc82,0.48,45.0,5.0,35.0
b8a5b59578f388f6d14dc709ff3c0cdc,0.2,17.0,10.0,14.0
b967fbd19ab61b7389841c31961b2489,5.54,34.0,38.0,28.0
b9a96e5f4d4ac8529668ffe6766f2b31,2.5,6.0,54.0,83.0
b9e4929f0949436c5e4bca49001f5f0e,2.2,68.0,13.0,16.0
baa468106ea57afc41af425579267c05,0.19,29.0,0.4,22.0
baf575535fe7bad0e14035557cc171e2,0.27,4.3,66.5,5.0
bb44b9dce3ab87297256a845cb4c8e16,11.0,51.0,33.0,38.0
bba20bc99bb41592ac6234ac49121ac2,0.4,14.0,25.0,6.0
bbd4645a5c864c9085f839437782d0bd,1.216,40.9,20.9,19.2
bbe8393372bc3dbb0c27e165186d2d3c,2.0,10.0,16.0,30.0
bc1d06cbf46246d4cef914481310b1ca,3.7,7.0,28.0,25.0
bc7b6d3bd2fa064f7ac1cd42a367d1d3,0.039,3.0,2.9,8.1
bcf061c292e1f966a850601c44d45f18,14.9,30.5,60.2,7.5
bd398fa85f515fa79aee68390f1eff0c,1.74,11.0,29.0,11.0
bd96ee8a131321f5c6d99aba4d778eed,0.256,37.0,7.0,22.0
bdc4e172bb07c176ea58fd58919ebfc3,1.95,40.0,17.0,16.0
be20ad0093cc590d6af3bc51f1f4c055,0.65,18.0,15.0,10.0
be839036e99c23111f0488458af33dfc,1.52,35.0,22.0,22.0
bf11a01270e0151cbe66068acc891ae4,0.06,18.0,5.0,16.0
c05fdcf4add061ad54582d67a83c5848,0.01,12.0,0.5,12.0
c065b07399a315402af17940eae0faf6,0.86,16.0,3.0,16.0
c0886ad90877d5b54b886732c8829f59,0.13,20.0,8.0,14.0
c103ce0b3bab28b6cdc7dfc8d11eec64,0.43,61.0,101.0,1.0
c123d92f6eb0c9e8a7e235f9cdce30ac,3.098,26.7,42.4,12.5
c1611f3564c9bd0880916f017c5bc391,0.1,11.0,23.0,3.0
c190bc22f20d08c83ba1154bb75cdcd4,0.7,34.0,12.0,25.0
c20d307b52b14e8d3dccf87b0df10030,0.056,8.1,5.6,6.5
c2cadff1964f250f33b0dbb4226bbc06,0.513,13.3,10.4,12.8
c2e6473fbf62d78455a561a006df7a25,0.8,10.0,5.0,10.0
c2e90b4c891d2fa6dbc59bab46f213a2,0.393,4.0,11.8,15.2
c31242b67665e1c9a603d8c6c204ee5d,0.53,56.0,3.0,31.0
c31bda7b7622041ea22a9a47b77c7c45,4.35,30.0,21.0,30.0
c36811e9a3586e44663a50661ed21a26,0.02,14.0,3.0,11.0
c37f778979c595ce3556bd7427273c5d,0.3,30.0,10.0,20.0
c3ee403dea1abec4c760ddb98920a683,0.32,80.0,5.0,6.0
c3fbec19489ce4ac6f149d5094a0c7a6,0.801,9.8,8.2,16.6
c429a2c94db35ec85eab408fa19d2883,0.5,27.0,2.0,8.0
c431f1303e28b192eb19e13ed9eaa64f,1.22,25.0,11.0,11.0
c53d00444482203eba722037b4d900f3,0.1,15.0,5.0,5.0
c564ff80254cc97773de5668b397780f,0.164,71.9,3.7,3.6
c5b86d4e6cafb2d81325dd29dbb76f83,0.8,10.0,5.0,10.0
c603b8a6262c640d265c2fd4ffb8a7a9,0.15,4.0,12.0,21.0
c6132928cba6b44adc82ceda7e3690fa,1.048,60.5,4.6,19.7
c62674fde448c99813940b0d219f8dcb,1.102,51.9,13.5,39.1
c64ea82f9b6f398b48d7521e6f7da9be,0.78,46.8,5.3,44.4
c6844040ffdd7a865152dc5698085fb4,0.56,13.0,12.0,14.0
c68861bfe4193474070ffc57dbb414c1,0.124,15.0,2.0,14.0
c6ca5766b9e55b872051525681cd68f8,2.86,68.0,23.0,20.0
c6d321c69c7306f28502cd2051c6b66f,0.723,7.9,15.5,7.6
c76f1362c2b00c013f0a25fbcd8b3d5a,0.76,28.0,5.0,36.0
c7af141d2ff935856fb56e0fb6d5e74b,12.0,49.0,31.0,39.0
c7d87fc7ba83aef3ed758373c603b2db,2.632,16.9,20.7,38.4
c8688fb248133c7c61ae51adaba5a731,0.25,50.0,3.0,25.0
c87bd39d3b8cec4c74590dd5687d9ec1,0.784,15.0,40.0,15.0
c8ac63af49dbdfbdfbbbbf3ef9bf65c9,0.061,11.0,12.0,8.0
c8eda04313b832a04641431e851e5519,5.547,39.3,16.2,47.3
c945e2b107e3a91e7edf460f3eef71d1,0.3,27.0,13.0,16.0
c99625241920878d0bf4996e78632b95,5.0,30.0,30.0,45.0
ca0e8e31aaab1cdc11beccb3bca9d479,1.15,39.0,14.0,20.0
ca706ab3ac3fac23b48f6c3e763e6d32,0.6,26.0,4.0,52.0
caaa6da99aa0a1a60e2e9a9a1376ec51,0.235,8.0,8.5,8.0
cb61d049c5816b1df4d513d06890fc8d,5.465,40.1,37.8,23.2
cbda2756e171d43fe3dfbcde64a13732,1.04,41.0,6.0,31.0
cbe3578562fb34c0ed20c8cec5f5d585,0.23,27.0,1.5,30.0
cc0cb32c36992b56a800001cfc1804f4,1.94,33.0,8.0,10.0
cdb60b643cf17389393050f05e49958d,0.005,15.0,2.0,8.0
cdbfec53a4b627106275141ad9437ea4,5.4,22.0,6.0,21.0
ce25a048f93cfb1cc8362a0f73d686a4,0.1,5.0,3.0,5.0
ce8076dd357004a4a0f6f8c1693816b2,9.333,16.6,22.7,26.8
ce93956193dc197de190d74f5f116689,0.145,55.0,1.0,35.0
cfaca9e7f2bfa618af10f812a3dfef3e,3.05,24.0,8.0,18.0
d04d0a85309b5e22b911cc9ecd87e728,0.97,68.0,13.0,13.0
d0c41d1bf596e424dcb82edfb169e680,12.86,31.0,22.0,24.0
d0c68322e37b29e48acd9b0da80b1ac4,0.3,39.0,13.0,29.0
d24d59917550ffc7740860147a47fadc,0.1,13.0,5.0,8.0
d2a029e0e281178fdc25c5e08285a55a,0.256,25.0,7.0,10.3
d2c257f2e3a236c5186fe56d0fe50fd2,0.53,20.0,10.0,11.0
d2fe663b2e9388c2ba8965633d27d894,1.0,11.0,14.0,11.0
d3e35bfd04686d9ae996872bbcec81e6,0.05,2.0,13.0,13.0
d420ed67d4f8927f3ef561d23b60af81,2.147,14.8,13.1,26.7
d4213f383d5cc9a228908139b489c75c,0.26,12.0,6.0,24.0
d4427389508f75b65a7baaa66c5b711d,0.01,15.0,1.0,8.0
d4bd3d642e909156e1e9ed10608ce7ec,0.546,24.5,3.5,18.0
d525782294bf94f1292467b369211979,0.26,16.0,5.0,9.0
d5291922d9d516141e386203e1e7dfc1,2.52,12.0,6.0,71.0
d552250235c1d48e415100db6dcea87d,0.028,0.3,5.2,17.0
d5644a8790fb0d5fbafece1b374f4be4,0.1,5.0,5.0,22.0
d584cc6c3aaf8686a3f1bcf59318529f,0.558,18.0,19.5,6.5
d59a964156a714ffa653b7c45c743de3,0.55,9.0,20.0,9.0
d5c135a443631388aba60692268a3d09,0.78,24.0,6.0,17.0
d6682bc0da1c0347a9a68332ebebf6d0,0.07,12.0,3.0,3.0
d6a7548083447add8eb7d6ca013b6c5a,0.125,10.2,1.8,10.0
d6af887b5b191b97d632906110c6f99e,1.4,9.0,9.0,63.0
d714bc5c946ec01d9b09714524805e5c,0.7,14.0,10.7,43.8
d73c4da68fc09f4706dc0c3f6e29b439,0.781,40.0,5.0,30.0
d7874dd1af6c2d86deac5231797ecd6e,5.2,17.0,23.0,16.0
d793826980f118726fee483199e57c2c,0.056,1.0,14.0,10.4
d87c266a68c288f43e8d70f13425bdfc,3.044,10.0,50.0,15.0
d8c7ac0183babc975a6f92b905a6a031,0.005,7.0,13.5,0.3
d9761585fb91412a93dfed6eeae72489,0.6,55.0,10.5,32.5
da2a8bac5f1ce4ef21d9b0ec06fe6e61,0.03,8.0,13.0,5.0
da36ff875ac1feb1772a028bb2831bd2,0.14,34.0,2.0,29.0
da865cb76c80251c904a67c94277a748,1.95,39.5,14.2,10.0
dae5352fcd8e9a3e541a99ebc655dfeb,0.841,37.6,10.6,41.6
db259541f231f7efa9976af33eed0ea2,0.4,3.0,17.0,17.0
db711c79c4200d7e200a4ed692daf50a,0.25,25.0,5.0,5.0
db715c539afd3f0450d2d587e2b75152,0.55,6.0,16.0,16.0
db8c8af476893a217b30655717bc8158,5.0,34.0,8.0,26.0
dbfa55811d5df30597b29ffac9b372d7,0.832,8.2,16.7,8.3
dc40353e308caa9641cee85942a7052b,0.4,12.0,24.0,12.0
dc5af81f7744e6ec9d79d47296fd79f4,0.668,64.5,6.6,6.8
dd7fdb2741b3e64b38a442ba017ed713,0.222,11.0,12.0,15.0
dde527bd9651b7c4a31668ca5975345c,0.22,19.0,3.0,6.0
de1eb8b8e995807d22fd62dd08077a31,1.29,25.0,35.0,20.0
de2e64d2d2171c2c905de2c2cd220c39,8.453,15.4,28.3,31.8
de4f156f9e302926d07aebd3f1a66074,0.67,27.0,11.0,18.0
de5fe5c43c07d5f39c3a92ac8fc43f51,0.3,20.0,10.0,20.0
de61e8903eeb03a25ee834ee14637692,0.185,29.4,2.6,46.9
de7d7df4bd261553611807858e939e45,1.092,7.4,25.2,11.8
deccac00a98561bbe44139b2ae43f737,2.4,28.0,23.0,8.0
deedab157f5ee8a49c0e6a8d23869e85,2.523,35.8,5.8,21.8
df068a1e466c91edb09750b174c4a640,8.0,40.0,15.0,25.0
df8ca7cc7163bb805c1ea73133397639,0.8,15.0,3.0,15.0
dfb41d7d999b5ff0623f7782e2edb6e0,0.617,5.5,27.8,10.3
dffe614a30fbbef92124073d74f26350,1.17,8.0,29.0,8.0
e0a23f1dbc43f9bc3e3414b7dbee7d86,0.201,31.0,1.0,23.0
e0ded3ab0816539dbbdb82bb06a73917,1.5,50.0,5.0,5.0
e17ec3e791a0d875e6da7698967b6fb2,0.043,13.0,2.1,6.5
e1a683071f58f26c7c7fc3bdeb64410f,0.7,32.0,30.2,32.0
e1b22c4655a72f069d8860680766e222,0.91,43.0,10.0,22.0
e1ba43515236793f8d2b3fd16e763960,0.055,8.0,2.2,41.3
e28cb87afb386a37aecc83497925d05b,10.08,22.0,39.0,36.0
e33dbd28fa223390028e48994dd0df2d,0.2,16.0,18.0,3.0
e36bb087642c5e57589c75350df3b0c5,0.256,40.0,4.0,30.0
e4c1379a9e183dee47c157e2a1f5f524,1.033,34.0,5.5,17.1
e4d0de08082d04532e83dd0697ea727f,0.257,52.3,15.7,20.0
e57caf918258e1d54936018023d2bc17,0.8,10.0,5.0,10.0
e58db1737c996ff26cb93be6964a88d4,0.5,20.0,9.5,22.0
e6b8aeeed2274846529e93b559624182,4.04,25.0,11.0,17.0
e7997aa44d6607e3a72ac928669b659b,0.892,15.0,5.0,50.0
e8168492b7722bd3c07acc467912df91,2.0,50.0,29.0,70.0
e8749809dab4a55b560a0a2082c89be0,2.224,52.0,6.0,29.0
e896b6664ac49f27b45c11c4aa896116,0.05,13.0,21.0,5.0
e8a2af44898f26550c78fc57a28aa50d,0.3,30.0,30.0,30.0
e933750ae36bf154545d9d192ee12f12,1.0,20.0,5.0,15.0
e9628e7c4ac7b3ac8d4e7d568a8afd59,9.2,62.0,45.0,47.0
e979a16bf283ff452220a7baae40b631,0.112,21.4,4.8,8.1
e99db9536aefbed0716aa07fe8ffe3b5,0.2,40.0,3.0,30.0
e9c44be1373724a350f99918030a81e0,0.3,10.0,15.0,18.0
ea060f9e826c58f092b82567f27518c7,1.26,17.0,17.0,40.0
eb0503ac41732963e419f0bafcb8c02a,4.61,42.5,21.5,20.0
eb0e661f3ed57ef7ca16418bf50e363e,2.078,23.4,8.0,33.9
ec261b54b8fa1f6c216819c661dbf544,0.24,31.0,35.0,5.0
ec2e53f7896812eeda5276f72820a4fc,0.15,10.0,5.0,15.0
ecce0127299e448e97508505984f8fc7,0.216,10.8,24.1,8.9
ed0b57e6bf21a01f9162088623e8d680,6.705,22.0,20.0,21.0
ede49b3150855c2f15204c97d11d7393,1.25,55.0,9.0,29.0
ee23e89560c99b5f58323ec158435333,0.807,24.1,12.7,23.5
ee416af0af585c7956fc60e310349f7c,14.99,30.0,28.0,17.0
ef374e09804593cba35b40604f5fde03,0.1,12.0,4.0,4.0
ef468fa349bb8f058aa5dcd76bda60b2,4.4,30.0,23.0,22.0
ef6dbb107d4cb8c3c4f78286862a99af,6.0,40.0,30.0,25.0
ef7bf24039a47423e252abc269943e2f,4.3,22.0,24.0,35.0
f019ec008b87ea304aba9d081281d93b,0.335,24.8,3.6,37.7
f0aa87add410abaa4c6264488bf4ce07,0.856,22.6,8.0,27.5
f0f6748ba60be1cf064173284fc77695,4.7,20.0,31.0,21.0
f1a7b29b05b742b9f1b47aed3a6ef8cd,0.139,9.4,3.6,6.8
f1a8be01543a6772af0e45e40008609c,0.75,43.0,26.0,17.0
f1b8e9aff5550ee511977f386b68da70,0.3,21.0,6.0,19.0
f295b80e82e8383630be69876938b4dd,0.797,35.0,8.5,24.0
f30df0d93866be80bc53e79ec0a67bdc,3.5,60.0,7.0,35.0
f330dac78734c8552e9e4f0ca6686da1,0.1,14.0,4.0,6.0
f353bbd08b6c9d9654cd3bfa93336786,5.465,40.1,37.8,23.2
f35c6b5426ca0afd7e338747751ce6a5,0.49,30.0,28.0,5.0
f3af1b4bed6906c1ccc92f071305a7bb,0.078,6.0,11.0,5.0
f3def1b8b090d68adfac26e97252e34f,0.15,15.0,2.0,15.0
f3ea168f52d222fb094bab6369a6ed6e,2.035,72.0,15.0,28.5
f452e61887368e879038c713f3a84dcf,0.2,8.0,12.0,8.0
f48d9dc873d89e64bdeae1d31f495290,1.11,17.0,16.0,17.0
f5c4d9e7fe232f8450c283a3db3287d9,0.8,6.0,25.0,16.0
f670ff6332ed8a0e08f696b8b4f5c66c,5.44,15.0,36.0,21.0
f67952d3c114cd1c96f99cff5f1ab74b,1.05,8.0,26.0,8.0
f6d67ccabb65e7ecacd088ee5c1448a4,0.24,19.0,8.0,11.0
f7402a494b801356321bd39068d21092,1.724,38.5,19.5,24.2
f7d57c69b809adc00c5c6095a585463b,0.285,57.6,4.8,60.1
f878a342d360afd2e1a49b82c0b4b9f3,1.98,48.0,14.0,36.0
f889504b8a184e0a7904675d29af5ede,0.11,19.0,1.5,11.0
f8b76a6ebc60386aad1e3d662b2a017f,0.6,9.0,20.0,22.0
f918ab1822f2811a9e5838d50a882663,0.07,4.0,10.0,6.0
f93e1aabc252fcbaa2e5b0343dcac277,0.38,21.0,18.0,5.0
f96ca0fd5708ecfca1bd1d5a453215ef,0.44,18.0,6.0,9.0
fa47b52cdcea9448f2e218bcbe7eee3e,2.0,35.0,25.0,8.0
fa6ea9f2fceb6b3006e09e950ae8adeb,0.084,5.5,6.6,15.2
fabb2fa8d4ace2d3fc7c48b900c04169,5.325,19.3,36.2,12.0
fb39741c40b52f267ad727beeb1786e0,0.683,10.0,13.0,13.0
fb5d73d256a61d803237d0c9219ca145,1.3,50.0,45.0,10.0
fb652afd0d5c65fe7ac9ff3aee4c87a8,0.01,0.5,14.0,9.5
fb6b6ecd059b0a9f4ae3a0cff10f2221,1.06,11.0,25.0,36.0
fc91f8fe3ebb528f4a47512e6547bf61,0.71,42.0,9.0,31.0
fce85586af7a0d5e220afbb7d55ffa98,0.04,13.0,16.0,4.0
fd2791e7c0765d3b1cd20b8f195745fb,0.25,11.0,7.0,9.0
fe2b7f4f9004f50d32ede5b3f202a78f,0.8,72.0,5.0,35.0
fe8605c8fb4e7b04aba091d73c57e248,5.2,14.5,29.0,16.5
fe876423e2b1c4ad58da07e69b83473b,0.288,27.5,30.4,29.1
ff4d0d8bf807bfe36fb9eabe93ab16b2,2.5,34.0,6.0,22.0
ff6b61ee3b5303f57aba978611725ade,0.574,19.0,7.1,20.7
ff7b54d0d4c4698053ab249ca51e8b55,14.5,80.0,5.0,40.0
ff83a5b5761f76124d73f32a3e279955,0.005,15.0,2.0,8.0
ff9d467be4a414b0b5f5615c389cf6eb,0.4,50.0,2.5,24.0
